"Date","RowNum","Num","Rep","RowNumNumRep","Treat","stem1_length","stem2_length","stem1_leafnum","stem2_leafnum","stem1_percflow","stem2_percflow","stem1_caps","stem2_caps","moist_1","moist_2","moist_3","stem1_bagbuds","stem2_bagbuds","stem1_vFcount","stem2_vFcount","stem1_vFexpec","stem2_vFexpec","notes","temp","days","Var","length_mean","lfnum_mean","sm_mean","pf_mean","bfall_mean","vFcount_mean","vFest_mean","capfall_mean","sm_cat","mean.moist","perflow","bagbuds","stem1_vFper","stem2_vFper","daysinchamb","stem1lfchange","stem2lfchange","stem1change","stem2change","stem1vFestcount","stem2vFestcount","stem1pflowr","stem2pflowr","stemlenchange","lfchange","EL_mean","vFper_mean"
0016-09-09,13,3,"R5","13.3.R5","Chamber 4",185.83,NA,6,NA,0,NA,0,NA,19.3,18.4,17.4,NA,NA,0,NA,NA,NA,"",34,25,"Pinot gris",185.83,6,18.3666666666667,0,NA,0,NA,0,"very moist",18.3666666666667,0,0,0,NA,0,0,NA,0,NA,NA,NA,0,NA,0,0,0,0
0016-09-09,18,5,"R1","18.5.R1","Chamber 3",147.32,223.19,6,7,0,0,0,0,16.9,17.9,15.7,NA,NA,0,NA,NA,NA,"",30,25,"Durif1",185.255,6.5,16.8333333333333,0,NA,0,NA,0,"moist",16.8333333333333,0,0,0,NA,0,0,0,0,0,NA,NA,0,0,0,0,0,0
0016-09-09,19,9,"R3","19.9.R3","Chamber 4",NA,190.57,NA,6,NA,0,0,0,19.2,16.7,15.6,NA,NA,0,NA,NA,NA,"",34,25,"Syrah",190.57,6,17.1666666666667,0,NA,0,NA,0,"moist",17.1666666666667,0,0,NA,NA,0,NA,0,NA,0,NA,NA,NA,0,0,0,0,NA
0016-09-09,20,2,"R4","20.2.R4","Chamber 5",NA,180.64,NA,8,NA,0,0,0,11.2,11.4,8.7,NA,NA,0,NA,NA,NA,"",37,25,"Valdepenas",180.64,8,10.4333333333333,0,NA,0,NA,0,"driest",10.4333333333333,0,0,NA,NA,0,NA,0,NA,0,NA,NA,NA,0,0,0,0,NA
0016-09-09,38,7,"R2","38.7.R2","Chamber 5",51.04,141.12,5,5,0,0,0,0,9.3,10.8,11,NA,NA,0,NA,NA,NA,"",37,25,"Verdelho",96.08,5,10.3666666666667,0,NA,0,NA,0,"driest",10.3666666666667,0,0,0,NA,0,0,0,0,0,NA,NA,0,0,0,0,0,0
0016-09-09,38,7,"R3","38.7.R3","Chamber 4",83.24,171.37,5,8,0,0,0,0,10.7,13.7,11.8,NA,NA,0,NA,NA,NA,"",34,25,"Verdelho",127.305,6.5,12.0666666666667,0,NA,0,NA,0,"driest",12.0666666666667,0,0,NA,NA,0,0,0,0,0,NA,NA,0,0,0,0,0,NA
0016-09-09,38,7,"R4","38.7.R4","Chamber 3",59.1,110.69,4,6,0,0,0,0,14.7,17.5,16.9,NA,NA,0,NA,NA,NA,"",30,25,"Verdelho",84.895,5,16.3666666666667,0,NA,0,NA,0,"moist",16.3666666666667,0,0,NA,NA,0,0,0,0,0,NA,NA,0,0,0,0,0,NA
0016-09-09,38,7,"R5","38.7.R5","Chamber 2",130.05,NA,5,NA,0,NA,0,NA,13.8,16,16,NA,NA,0,NA,NA,NA,"",26,25,"Verdelho",130.05,5,15.2666666666667,0,NA,0,NA,0,"dry",15.2666666666667,0,0,NA,NA,0,0,NA,0,NA,NA,NA,0,NA,0,0,0,NA
0016-09-09,38,7,"R6","38.7.R6","Chamber 1",121.08,NA,5,NA,0,NA,0,NA,10.5,11,12.5,NA,NA,0,NA,NA,NA,"",20,25,"Verdelho",121.08,5,11.3333333333333,0,NA,0,NA,0,"driest",11.3333333333333,0,0,0,NA,0,0,NA,0,NA,NA,NA,0,NA,0,0,0,0
0016-09-12,13,3,"R5","13.3.R5","Chamber 4",252.6,NA,8,NA,0,NA,0,NA,11.9,10.3,10.4,NA,NA,0,NA,NA,NA,"",34,28,"Pinot gris",252.6,8,10.8666666666667,0,NA,0,NA,0,"driest",10.8666666666667,0,0,0,NA,3,2,NA,66.77,NA,NA,NA,0,NA,66.77,2,0,0
0016-09-12,14,1,"R3","14.1.R3","Chamber 1",184.89,NA,8,NA,0,NA,0,NA,15.1,14.1,16.1,NA,NA,0,NA,NA,NA,"",20,28,"Cabernet Sauvignon",184.89,8,15.1,0,NA,0,NA,0,"dry",15.1,0,0,0,NA,0,0,NA,0,NA,NA,NA,0,NA,0,0,0,0
0016-09-12,16,1,"R4","16.1.R4","Chamber 4",100.02,NA,7,NA,0,NA,0,NA,11.1,15,13,NA,NA,0,NA,NA,NA,"",34,28,"Sauvignon blanc",100.02,7,13.0333333333333,0,NA,0,NA,0,"driest",13.0333333333333,0,0,0,NA,0,0,NA,0,NA,NA,NA,0,NA,0,0,0,0
0016-09-12,18,5,"R1","18.5.R1","Chamber 3",187.64,225.14,8,9,0,0,0,0,10.1,8,10.9,NA,NA,0,NA,NA,NA,"",30,28,"Durif1",206.39,8.5,9.66666666666667,0,NA,0,NA,0,"driest",9.66666666666667,0,0,0,NA,3,2,2,40.32,1.94999999999999,NA,NA,0,0,21.135,2,0,0
0016-09-12,18,5,"R4","18.5.R4","Chamber 3",372.37,NA,9,NA,0,NA,0,NA,11.2,10.4,10.6,NA,NA,0,NA,NA,NA,"",30,28,"Durif1",372.37,9,10.7333333333333,0,NA,0,NA,0,"driest",10.7333333333333,0,0,0,NA,0,0,NA,0,NA,NA,NA,0,NA,0,0,0,0
0016-09-12,18,5,"R5","18.5.R5","Chamber 3",NA,210.14,NA,8,NA,0,0,0,12.7,14,14,NA,NA,0,NA,NA,NA,"",30,28,"Durif1",210.14,8,13.5666666666667,0,NA,0,NA,0,"driest",13.5666666666667,0,0,0,NA,0,NA,0,NA,0,NA,NA,NA,0,0,0,0,0
0016-09-12,18,5,"R8","18.5.R8","Chamber 1",312.48,NA,10,NA,0,NA,0,NA,8.7,10.7,9.6,NA,NA,0,NA,NA,NA,"",20,28,"Durif1",312.48,10,9.66666666666667,0,NA,0,NA,0,"driest",9.66666666666667,0,0,0,NA,0,0,NA,0,NA,NA,NA,0,NA,0,0,0,0
0016-09-12,19,9,"R3","19.9.R3","Chamber 4",NA,239.22,NA,7,NA,0,0,0,12.6,13.9,14.8,NA,NA,0,NA,NA,NA,"",34,28,"Syrah",239.22,7,13.7666666666667,0,NA,0,NA,0,"driest",13.7666666666667,0,0,NA,NA,3,NA,1,NA,48.65,NA,NA,NA,0,48.65,1,0,NA
0016-09-12,20,2,"R4","20.2.R4","Chamber 5",NA,188.66,NA,8,NA,0,0,0,7.2,7.2,6.1,NA,NA,0,NA,NA,NA,"",37,28,"Valdepenas",188.66,8,6.83333333333333,0,NA,0,NA,0,"driest",6.83333333333333,0,0,NA,NA,3,NA,0,NA,8.02000000000001,NA,NA,NA,0,8.02000000000001,0,0,NA
0016-09-12,20,5,"R3","20.5.R3","Chamber 3",NA,65.61,NA,5,NA,0,0,0,14.1,14.9,14.6,NA,NA,0,NA,NA,NA,"",30,28,"Gewurtztraminer",65.61,5,14.5333333333333,0,NA,0,NA,0,"dry",14.5333333333333,0,0,NA,NA,0,NA,0,NA,0,NA,NA,NA,0,0,0,0,NA
0016-09-12,38,7,"R2","38.7.R2","Chamber 5",58.06,155.07,5,7,0,0,0,0,7.1,8.3,7.9,NA,NA,0,NA,NA,NA,"",37,28,"Verdelho",106.565,6,7.76666666666667,0,NA,0,NA,0,"driest",7.76666666666667,0,0,0,NA,3,0,2,7.02,13.95,NA,NA,0,0,10.485,1,0,0
0016-09-12,38,7,"R3","38.7.R3","Chamber 4",114.58,204.19,6,8,0,0,0,0,10.4,8.5,8.7,NA,NA,0,NA,NA,NA,"",34,28,"Verdelho",159.385,7,9.2,0,NA,0,NA,0,"driest",9.2,0,0,NA,NA,3,1,0,31.34,32.82,NA,NA,0,0,32.08,0.5,0,NA
0016-09-12,38,7,"R4","38.7.R4","Chamber 3",61.23,124.4,4,7,0,0,0,0,13.5,12.2,14.7,NA,NA,0,NA,NA,NA,"",30,28,"Verdelho",92.815,5.5,13.4666666666667,0,NA,0,NA,0,"driest",13.4666666666667,0,0,NA,NA,3,0,1,2.13,13.71,NA,NA,0,0,7.92,0.5,0,NA
0016-09-12,38,7,"R5","38.7.R5","Chamber 2",169.4,NA,6,NA,0,NA,0,NA,12.2,11.8,12.5,NA,NA,0,NA,NA,NA,"",26,28,"Verdelho",169.4,6,12.1666666666667,0,NA,0,NA,0,"driest",12.1666666666667,0,0,NA,NA,3,1,NA,39.35,NA,NA,NA,0,NA,39.35,1,0,NA
0016-09-12,38,7,"R6","38.7.R6","Chamber 1",123.4,NA,6,NA,0,NA,0,NA,9.3,9.9,11,NA,NA,0,NA,NA,NA,"",20,28,"Verdelho",123.4,6,10.0666666666667,0,NA,0,NA,0,"driest",10.0666666666667,0,0,0,NA,3,1,NA,2.32000000000001,NA,NA,NA,0,NA,2.32000000000001,1,0,0
0016-09-14,13,3,"R4","13.3.R4","Chamber 2",NA,135.52,NA,6,NA,0,0,0,12.1,11.9,10.8,NA,NA,0,NA,NA,NA,"",26,30,"Pinot gris",135.52,6,11.6,0,NA,0,NA,0,"driest",11.6,0,0,NA,NA,0,NA,0,NA,0,NA,NA,NA,0,0,0,0,NA
0016-09-14,13,3,"R5","13.3.R5","Chamber 4",254.79,NA,8,NA,0,NA,0,NA,15,14.8,15.7,NA,NA,0,NA,NA,NA,"",34,30,"Pinot gris",254.79,8,15.1666666666667,0,NA,0,NA,0,"dry",15.1666666666667,0,0,0,NA,5,2,NA,68.96,NA,NA,NA,0,NA,68.96,2,0,0
0016-09-14,14,1,"R3","14.1.R3","Chamber 1",209.64,NA,9,NA,0,NA,0,NA,13.5,13.3,14.9,NA,NA,0,NA,NA,NA,"",20,30,"Cabernet Sauvignon",209.64,9,13.9,0,NA,0,NA,0,"dry",13.9,0,0,0,NA,2,1,NA,24.75,NA,NA,NA,0,NA,24.75,1,0,0
0016-09-14,16,1,"R1","16.1.R1","Chamber 5",52.79,155.08,6,7,0,0,0,0,11.7,10.4,12.2,NA,NA,0,NA,NA,NA,"",37,30,"Sauvignon blanc",103.935,6.5,11.4333333333333,0,NA,0,NA,0,"driest",11.4333333333333,0,0,NA,NA,0,0,0,0,0,NA,NA,0,0,0,0,0,NA
0016-09-14,16,1,"R4","16.1.R4","Chamber 4",102.48,NA,7,NA,0,NA,0,NA,15,15.7,13.5,NA,NA,0,NA,NA,NA,"",34,30,"Sauvignon blanc",102.48,7,14.7333333333333,0,NA,0,NA,0,"dry",14.7333333333333,0,0,0,NA,2,0,NA,2.46000000000001,NA,NA,NA,0,NA,2.46000000000001,0,0,0
0016-09-14,16,1,"R7","16.1.R7","Chamber 2",NA,122.31,NA,8,NA,0,0,0,15.1,15.3,16.1,NA,NA,0,NA,NA,NA,"",26,30,"Sauvignon blanc",122.31,8,15.5,0,NA,0,NA,0,"dry",15.5,0,0,NA,NA,0,NA,0,NA,0,NA,NA,NA,0,0,0,0,NA
0016-09-14,18,5,"R1","18.5.R1","Chamber 3",189.31,310.16,8,10,0,0,0,0,13.6,14.5,13.8,NA,NA,0,NA,NA,NA,"",30,30,"Durif1",249.735,9,13.9666666666667,0,NA,0,NA,0,"dry",13.9666666666667,0,0,0,NA,5,2,3,41.99,86.97,NA,NA,0,0,64.48,2.5,0,0
0016-09-14,18,5,"R4","18.5.R4","Chamber 3",412.66,NA,10,NA,0,NA,0,NA,14.6,14.7,16,NA,NA,0,NA,NA,NA,"",30,30,"Durif1",412.66,10,15.1,0,NA,0,NA,0,"dry",15.1,0,0,0,NA,2,1,NA,40.29,NA,NA,NA,0,NA,40.29,1,0,0
0016-09-14,18,5,"R5","18.5.R5","Chamber 3",NA,230.45,NA,9,NA,0,0,0,12.6,12.2,11.8,NA,NA,0,NA,NA,NA,"",30,30,"Durif1",230.45,9,12.2,0,NA,0,NA,0,"driest",12.2,0,0,0,NA,2,NA,1,NA,20.31,NA,NA,NA,0,20.31,1,0,0
0016-09-14,18,5,"R8","18.5.R8","Chamber 1",355.16,NA,10,NA,0,NA,0,NA,14.9,15.5,15.5,NA,NA,0,NA,NA,NA,"",20,30,"Durif1",355.16,10,15.3,0,NA,0,NA,0,"dry",15.3,0,0,0,NA,2,0,NA,42.68,NA,NA,NA,0,NA,42.68,0,0,0
0016-09-14,19,9,"R3","19.9.R3","Chamber 4",NA,253.91,NA,9,NA,0,0,0,16.3,16.6,15,NA,NA,0,NA,NA,NA,"",34,30,"Syrah",253.91,9,15.9666666666667,0,NA,0,NA,0,"moist",15.9666666666667,0,0,NA,NA,5,NA,3,NA,63.34,NA,NA,NA,0,63.34,3,0,NA
0016-09-14,20,2,"R1","20.2.R1","Chamber 5",57.38,162.75,5,9,0,0,0,0,18.1,18.1,18.6,NA,NA,0,NA,NA,NA,"",37,30,"Valdepenas",110.065,7,18.2666666666667,0,NA,0,NA,0,"very moist",18.2666666666667,0,0,NA,NA,0,0,0,0,0,NA,NA,0,0,0,0,0,NA
0016-09-14,20,2,"R4","20.2.R4","Chamber 5",NA,193.78,NA,9,NA,0,0,0,13.6,11.5,12.4,NA,NA,0,NA,NA,NA,"",37,30,"Valdepenas",193.78,9,12.5,0,NA,0,NA,0,"driest",12.5,0,0,NA,NA,5,NA,1,NA,13.14,NA,NA,NA,0,13.14,1,0,NA
0016-09-14,20,2,"R5","20.2.R5","Chamber 4",205.5,NA,8,NA,0,NA,0,NA,11.3,10.9,11.3,NA,NA,0,NA,NA,NA,"",34,30,"Valdepenas",205.5,8,11.1666666666667,0,NA,0,NA,0,"driest",11.1666666666667,0,0,0,NA,0,0,NA,0,NA,NA,NA,0,NA,0,0,0,0
0016-09-14,20,5,"R3","20.5.R3","Chamber 3",NA,71.56,NA,6,NA,0,0,0,14.3,13.2,11.6,NA,NA,0,NA,NA,NA,"",30,30,"Gewurtztraminer",71.56,6,13.0333333333333,0,NA,0,NA,0,"driest",13.0333333333333,0,0,NA,NA,2,NA,1,NA,5.95,NA,NA,NA,0,5.95,1,0,NA
0016-09-14,38,7,"R2","38.7.R2","Chamber 5",65.39,170.91,5,7,0,0,0,0,14.6,12.5,14.8,NA,NA,0,NA,NA,NA,"",37,30,"Verdelho",118.15,6,13.9666666666667,0,NA,0,NA,0,"dry",13.9666666666667,0,0,0,NA,5,0,2,14.35,29.79,NA,NA,0,0,22.07,1,0,0
0016-09-14,38,7,"R3","38.7.R3","Chamber 4",121.88,208.09,6,8,0,0,0,0,12.5,11.6,12.1,NA,NA,0,NA,NA,NA,"",34,30,"Verdelho",164.985,7,12.0666666666667,0,NA,0,NA,0,"driest",12.0666666666667,0,0,NA,NA,5,1,0,38.64,36.72,NA,NA,0,0,37.68,0.5,0,NA
0016-09-14,38,7,"R4","38.7.R4","Chamber 3",64.67,126.53,5,8,0,0,0,0,17.5,18.6,14.9,NA,NA,0,NA,NA,NA,"",30,30,"Verdelho",95.6,6.5,17,0,NA,0,NA,0,"moist",17,0,0,NA,NA,5,1,2,5.57,15.84,NA,NA,0,0,10.705,1.5,0,NA
0016-09-14,38,7,"R5","38.7.R5","Chamber 2",171.05,NA,7,NA,0,NA,0,NA,15.2,15.2,14.7,NA,NA,0,NA,NA,NA,"",26,30,"Verdelho",171.05,7,15.0333333333333,0,NA,0,NA,0,"dry",15.0333333333333,0,0,NA,NA,5,2,NA,41,NA,NA,NA,0,NA,41,2,0,NA
0016-09-14,38,7,"R6","38.7.R6","Chamber 1",123.68,NA,7,NA,0,NA,0,NA,16.9,20.1,15.7,NA,NA,0,NA,NA,NA,"",20,30,"Verdelho",123.68,7,17.5666666666667,0,NA,0,NA,0,"very moist",17.5666666666667,0,0,0,NA,5,2,NA,2.60000000000001,NA,NA,NA,0,NA,2.60000000000001,2,0,0
0016-09-16,13,3,"R4","13.3.R4","Chamber 2",NA,141.14,NA,6,NA,0,0,0,13.2,13.7,15.7,NA,NA,0,NA,NA,NA,"",26,32,"Pinot gris",141.14,6,14.2,0,NA,0,NA,0,"dry",14.2,0,0,NA,NA,2,NA,0,NA,5.61999999999998,NA,NA,NA,0,5.61999999999998,0,0,NA
0016-09-16,13,3,"R5","13.3.R5","Chamber 4",282.05,NA,9,NA,0,NA,0,NA,18.2,19.6,19.3,NA,NA,0,NA,NA,NA,"",34,32,"Pinot gris",282.05,9,19.0333333333333,0,NA,0,NA,0,"very moist",19.0333333333333,0,0,0,NA,7,3,NA,96.22,NA,NA,NA,0,NA,96.22,3,0,0
0016-09-16,14,1,"R3","14.1.R3","Chamber 1",235.06,NA,9,NA,0,NA,0,NA,17,19.3,16.6,NA,NA,0,NA,NA,NA,"",20,32,"Cabernet Sauvignon",235.06,9,17.6333333333333,0,NA,0,NA,0,"very moist",17.6333333333333,0,0,0,NA,4,1,NA,50.17,NA,NA,NA,0,NA,50.17,1,0,0
0016-09-16,16,1,"R1","16.1.R1","Chamber 5",77.14,164.28,6,7,0,0,0,0,20.4,18.3,19.4,NA,NA,0,NA,NA,NA,"",37,32,"Sauvignon blanc",120.71,6.5,19.3666666666667,0,NA,0,NA,0,"very moist",19.3666666666667,0,0,NA,NA,2,0,0,24.35,9.19999999999999,NA,NA,0,0,16.775,0,0,NA
0016-09-16,16,1,"R4","16.1.R4","Chamber 4",105.45,NA,7,NA,0,NA,0,NA,17.1,16.5,17.7,NA,NA,0,NA,NA,NA,"",34,32,"Sauvignon blanc",105.45,7,17.1,0,NA,0,NA,0,"moist",17.1,0,0,0,NA,4,0,NA,5.43000000000001,NA,NA,NA,0,NA,5.43000000000001,0,0,0
0016-09-16,16,1,"R7","16.1.R7","Chamber 2",NA,143.5,NA,8,NA,0,0,0,14.6,16.3,16.5,NA,NA,0,NA,NA,NA,"",26,32,"Sauvignon blanc",143.5,8,15.8,0,NA,0,NA,0,"moist",15.8,0,0,NA,NA,2,NA,0,NA,21.19,NA,NA,NA,0,21.19,0,0,NA
0016-09-16,18,5,"R1","18.5.R1","Chamber 3",192.84,319.9,9,10,0,0,0,0,18.4,16.1,18.1,NA,NA,0,NA,NA,NA,"",30,32,"Durif1",256.37,9.5,17.5333333333333,0,NA,0,NA,0,"very moist",17.5333333333333,0,0,0,NA,7,3,3,45.52,96.71,NA,NA,0,0,71.115,3,0,0
0016-09-16,18,5,"R4","18.5.R4","Chamber 3",463.76,NA,10,NA,0,NA,0,NA,16.7,15.5,16.6,NA,NA,0,NA,NA,NA,"",30,32,"Durif1",463.76,10,16.2666666666667,0,NA,0,NA,0,"moist",16.2666666666667,0,0,0,NA,4,1,NA,91.39,NA,NA,NA,0,NA,91.39,1,0,0
0016-09-16,18,5,"R5","18.5.R5","Chamber 3",NA,281.28,NA,10,NA,0,0,0,15.9,14.7,17.3,NA,NA,0,NA,NA,NA,"",30,32,"Durif1",281.28,10,15.9666666666667,0,NA,0,NA,0,"moist",15.9666666666667,0,0,0,NA,4,NA,2,NA,71.14,NA,NA,NA,0,71.14,2,0,0
0016-09-16,18,5,"R7","18.5.R7","Chamber 2",152.6,184.1,6,9,0,0,0,0,12.7,15.5,13,NA,NA,0,NA,NA,NA,"",26,32,"Durif1",168.35,7.5,13.7333333333333,0,NA,0,NA,0,"driest",13.7333333333333,0,0,0,NA,0,0,0,0,0,NA,NA,0,0,0,0,0,0
0016-09-16,18,5,"R8","18.5.R8","Chamber 1",371.25,NA,10,NA,0,NA,0,NA,17.2,17.7,16.8,NA,NA,0,NA,NA,NA,"",20,32,"Durif1",371.25,10,17.2333333333333,0,NA,0,NA,0,"very moist",17.2333333333333,0,0,0,NA,4,0,NA,58.77,NA,NA,NA,0,NA,58.77,0,0,0
0016-09-16,19,9,"R3","19.9.R3","Chamber 4",NA,279.98,NA,9,NA,0,0,0,19.4,19.1,15.8,NA,NA,0,NA,NA,NA,"",34,32,"Syrah",279.98,9,18.1,0,NA,0,NA,0,"very moist",18.1,0,0,NA,NA,7,NA,3,NA,89.41,NA,NA,NA,0,89.41,3,0,NA
0016-09-16,20,2,"R1","20.2.R1","Chamber 5",57.61,189.7,5,9,0,0,0,0,18.6,22.5,18.2,NA,NA,0,NA,NA,NA,"",37,32,"Valdepenas",123.655,7,19.7666666666667,0,NA,0,NA,0,"very moist",19.7666666666667,0,0,NA,NA,2,0,0,0.229999999999997,26.95,NA,NA,0,0,13.59,0,0,NA
0016-09-16,20,2,"R4","20.2.R4","Chamber 5",NA,196.03,NA,9,NA,0,0,0,18.4,16,18.9,NA,NA,0,NA,NA,NA,"",37,32,"Valdepenas",196.03,9,17.7666666666667,0,NA,0,NA,0,"very moist",17.7666666666667,0,0,NA,NA,7,NA,1,NA,15.39,NA,NA,NA,0,15.39,1,0,NA
0016-09-16,20,2,"R5","20.2.R5","Chamber 4",227.62,NA,9,NA,0,NA,0,NA,17,17.7,18.2,NA,NA,0,NA,NA,NA,"",34,32,"Valdepenas",227.62,9,17.6333333333333,0,NA,0,NA,0,"very moist",17.6333333333333,0,0,0,NA,2,1,NA,22.12,NA,NA,NA,0,NA,22.12,1,0,0
0016-09-16,20,5,"R3","20.5.R3","Chamber 3",NA,80.17,NA,7,NA,0,0,0,16.1,15.6,16.3,NA,NA,0,NA,NA,NA,"",30,32,"Gewurtztraminer",80.17,7,16,0,NA,0,NA,0,"moist",16,0,0,NA,NA,4,NA,2,NA,14.56,NA,NA,NA,0,14.56,2,0,NA
0016-09-16,35,3,"R6","35.3.R6","Chamber 3",226.93,NA,9,NA,0,NA,0,NA,12.8,18.5,16.7,NA,NA,0,NA,NA,NA,"",30,32,"Tempranillo",226.93,9,16,0,NA,0,NA,0,"moist",16,0,0,0,NA,0,0,NA,0,NA,NA,NA,0,NA,0,0,0,0
0016-09-16,38,7,"R2","38.7.R2","Chamber 5",81.31,171.49,6,7,0,0,0,0,19.7,16,18.2,NA,NA,0,NA,NA,NA,"",37,32,"Verdelho",126.4,6.5,17.9666666666667,0,NA,0,NA,0,"very moist",17.9666666666667,0,0,0,NA,7,1,2,30.27,30.37,NA,NA,0,0,30.32,1.5,0,0
0016-09-16,38,7,"R3","38.7.R3","Chamber 4",134.22,215.53,7,9,0,0,0,0,15.4,19.4,15.5,NA,NA,0,NA,NA,NA,"",34,32,"Verdelho",174.875,8,16.7666666666667,0,NA,0,NA,0,"moist",16.7666666666667,0,0,NA,NA,7,2,1,50.98,44.16,NA,NA,0,0,47.57,1.5,0,NA
0016-09-16,38,7,"R4","38.7.R4","Chamber 3",65.7,128.36,5,8,0,0,0,0,18.8,19.9,19.1,NA,NA,0,NA,NA,NA,"",30,32,"Verdelho",97.03,6.5,19.2666666666667,0,NA,0,NA,0,"very moist",19.2666666666667,0,0,NA,NA,7,1,2,6.6,17.67,NA,NA,0,0,12.135,1.5,0,NA
0016-09-16,38,7,"R5","38.7.R5","Chamber 2",183.86,NA,8,NA,0,NA,0,NA,13.4,12.6,11,NA,NA,0,NA,NA,NA,"",26,32,"Verdelho",183.86,8,12.3333333333333,0,NA,0,NA,0,"driest",12.3333333333333,0,0,NA,NA,7,3,NA,53.81,NA,NA,NA,0,NA,53.81,3,0,NA
0016-09-16,38,7,"R6","38.7.R6","Chamber 1",128.34,NA,7,NA,0,NA,0,NA,17.4,18,19.9,NA,NA,0,NA,NA,NA,"",20,32,"Verdelho",128.34,7,18.4333333333333,0,NA,0,NA,0,"very moist",18.4333333333333,0,0,0,NA,7,2,NA,7.26000000000001,NA,NA,NA,0,NA,7.26000000000001,2,0,0
0016-09-19,13,3,"R4","13.3.R4","Chamber 2",NA,147.31,NA,7,NA,0,0,0,15.3,14.3,15.3,NA,NA,0,NA,NA,NA,"",26,35,"Pinot gris",147.31,7,14.9666666666667,0,NA,0,NA,0,"dry",14.9666666666667,0,0,NA,NA,5,NA,1,NA,11.79,NA,NA,NA,0,11.79,1,0,NA
0016-09-19,13,3,"R5","13.3.R5","Chamber 4",297.52,NA,10,NA,0,NA,0,NA,23.6,19.8,20.9,NA,NA,0,NA,NA,NA,"",34,35,"Pinot gris",297.52,10,21.4333333333333,0,NA,0,NA,0,"very moist",21.4333333333333,0,0,0,NA,10,4,NA,111.69,NA,NA,NA,0,NA,111.69,4,0,0
0016-09-19,14,1,"R3","14.1.R3","Chamber 1",245.12,NA,10,NA,0,NA,0,NA,14.9,17,16.8,NA,NA,0,NA,NA,NA,"",20,35,"Cabernet Sauvignon",245.12,10,16.2333333333333,0,NA,0,NA,0,"moist",16.2333333333333,0,0,0,NA,7,2,NA,60.23,NA,NA,NA,0,NA,60.23,2,0,0
0016-09-19,16,1,"R1","16.1.R1","Chamber 5",78.63,167.27,6,8,0,0,0,0,20.1,19.5,20.1,NA,NA,0,NA,NA,NA,"",37,35,"Sauvignon blanc",122.95,7,19.9,0,NA,0,NA,0,"very moist",19.9,0,0,NA,NA,5,0,1,25.84,12.19,NA,NA,0,0,19.015,0.5,0,NA
0016-09-19,16,1,"R3","16.1.R3","Chamber 1",115.53,331.13,7,10,0,0,0,0,13,12.1,15.4,NA,NA,0,NA,NA,NA,"",20,35,"Sauvignon blanc",223.33,8.5,13.5,0,NA,0,NA,0,"driest",13.5,0,0,0,NA,0,0,0,0,0,NA,NA,0,0,0,0,0,0
0016-09-19,16,1,"R4","16.1.R4","Chamber 4",118.04,NA,8,NA,0,NA,0,NA,21.6,17.5,19.4,NA,NA,0,NA,NA,NA,"",34,35,"Sauvignon blanc",118.04,8,19.5,0,NA,0,NA,0,"very moist",19.5,0,0,0,NA,7,1,NA,18.02,NA,NA,NA,0,NA,18.02,1,0,0
0016-09-19,16,1,"R7","16.1.R7","Chamber 2",NA,165.11,NA,9,NA,0,0,0,19.4,17.3,16.9,NA,NA,0,NA,NA,NA,"",26,35,"Sauvignon blanc",165.11,9,17.8666666666667,0,NA,0,NA,0,"very moist",17.8666666666667,0,0,NA,NA,5,NA,1,NA,42.8,NA,NA,NA,0,42.8,1,0,NA
0016-09-19,18,5,"R1","18.5.R1","Chamber 3",202.6,321.56,9,10,0,0,0,0,11.5,14.1,13.6,NA,NA,0,NA,NA,NA,"",30,35,"Durif1",262.08,9.5,13.0666666666667,0,NA,0,NA,0,"driest",13.0666666666667,0,0,0,NA,10,3,3,55.28,98.37,NA,NA,0,0,76.825,3,0,0
0016-09-19,18,5,"R4","18.5.R4","Chamber 3",470.18,NA,10,NA,0,NA,0,NA,13,13.5,11.8,NA,NA,0,NA,NA,NA,"",30,35,"Durif1",470.18,10,12.7666666666667,0,NA,0,NA,0,"driest",12.7666666666667,0,0,0,NA,7,1,NA,97.81,NA,NA,NA,0,NA,97.81,1,0,0
0016-09-19,18,5,"R5","18.5.R5","Chamber 3",NA,290.77,NA,10,NA,0,0,0,13.7,13.7,14.7,NA,NA,0,NA,NA,NA,"",30,35,"Durif1",290.77,10,14.0333333333333,0,NA,0,NA,0,"dry",14.0333333333333,0,0,0,NA,7,NA,2,NA,80.63,NA,NA,NA,0,80.63,2,0,0
0016-09-19,18,5,"R7","18.5.R7","Chamber 2",153.65,188.88,6,9,0,0,0,0,15.8,15,15.6,NA,NA,0,NA,NA,NA,"leaf damage, photos in google drive folder ""heattolerance>experiment""",26,35,"Durif1",171.265,7.5,15.4666666666667,0,NA,0,NA,0,"dry",15.4666666666667,0,0,0,NA,3,0,0,1.05000000000001,4.78,NA,NA,0,0,2.91500000000001,0,0,0
0016-09-19,18,5,"R8","18.5.R8","Chamber 1",372.23,NA,10,NA,0,NA,0,NA,13.2,16.3,14.2,NA,NA,0,NA,NA,NA,"",20,35,"Durif1",372.23,10,14.5666666666667,0,NA,0,NA,0,"dry",14.5666666666667,0,0,0,NA,7,0,NA,59.75,NA,NA,NA,0,NA,59.75,0,0,0
0016-09-19,19,9,"R3","19.9.R3","Chamber 4",NA,331.12,NA,10,NA,0,0,0,17.9,18.9,19,NA,NA,0,NA,NA,NA,"",34,35,"Syrah",331.12,10,18.6,0,NA,0,NA,0,"very moist",18.6,0,0,NA,NA,10,NA,4,NA,140.55,NA,NA,NA,0,140.55,4,0,NA
0016-09-19,20,2,"R1","20.2.R1","Chamber 5",59.33,196.19,5,9,0,0,0,0,18.9,18.7,19,NA,NA,0,NA,NA,NA,"",37,35,"Valdepenas",127.76,7,18.8666666666667,0,NA,0,NA,0,"very moist",18.8666666666667,0,0,NA,NA,5,0,0,1.95,33.44,NA,NA,0,0,17.695,0,0,NA
0016-09-19,20,2,"R4","20.2.R4","Chamber 5",NA,209.38,NA,9,NA,1,0,9,18.1,18.5,22.4,NA,NA,0,NA,NA,NA,"",37,35,"Valdepenas",209.38,9,19.6666666666667,1,NA,0,NA,4.5,"very moist",19.6666666666667,1,1,NA,NA,10,NA,1,NA,28.74,NA,NA,NA,1,28.74,1,1,NA
0016-09-19,20,2,"R5","20.2.R5","Chamber 4",249.21,NA,9,NA,0,NA,0,NA,19.5,18.7,18.3,NA,NA,0,NA,NA,NA,"",34,35,"Valdepenas",249.21,9,18.8333333333333,0,NA,0,NA,0,"very moist",18.8333333333333,0,0,0,NA,5,1,NA,43.71,NA,NA,NA,0,NA,43.71,1,0,0
0016-09-19,20,5,"R3","20.5.R3","Chamber 3",NA,118.44,NA,7,NA,0,0,0,13.3,13,14,NA,NA,0,NA,NA,NA,"",30,35,"Gewurtztraminer",118.44,7,13.4333333333333,0,NA,0,NA,0,"driest",13.4333333333333,0,0,NA,NA,7,NA,2,NA,52.83,NA,NA,NA,0,52.83,2,0,NA
0016-09-19,35,3,"R6","35.3.R6","Chamber 3",297.96,NA,9,NA,0,NA,0,NA,12,11.4,13.2,NA,NA,0,NA,NA,NA,"",30,35,"Tempranillo",297.96,9,12.2,0,NA,0,NA,0,"driest",12.2,0,0,0,NA,3,0,NA,71.03,NA,NA,NA,0,NA,71.03,0,0,0
0016-09-19,38,7,"R2","38.7.R2","Chamber 5",116.12,175.86,8,8,0,0,0,0,15.7,17.9,15.1,NA,NA,0,NA,NA,NA,"",37,35,"Verdelho",145.99,8,16.2333333333333,0,NA,0,NA,0,"moist",16.2333333333333,0,0,0,NA,10,3,3,65.08,34.74,NA,NA,0,0,49.91,3,0,0
0016-09-19,38,7,"R3","38.7.R3","Chamber 4",151.33,228.06,9,10,0,2,0,3,19.4,17.4,19.5,NA,10,0,NA,NA,NA,"",34,35,"Verdelho",189.695,9.5,18.7666666666667,1,10,0,NA,1.5,"very moist",18.7666666666667,1,2,NA,NA,10,4,2,68.09,56.69,NA,NA,0,2,62.39,3,1,NA
0016-09-19,38,7,"R4","38.7.R4","Chamber 3",67.21,128.37,5,8,0,8,0,6,15.2,15,17,NA,NA,0,NA,NA,NA,"",30,35,"Verdelho",97.79,6.5,15.7333333333333,4,NA,0,NA,3,"moist",15.7333333333333,4,8,NA,NA,10,1,2,8.10999999999999,17.68,NA,NA,0,8,12.895,1.5,4,NA
0016-09-19,38,7,"R5","38.7.R5","Chamber 2",228.68,NA,10,NA,0,NA,0,NA,16.9,17.3,16.9,NA,NA,0,NA,NA,NA,"",26,35,"Verdelho",228.68,10,17.0333333333333,0,NA,0,NA,0,"moist",17.0333333333333,0,0,NA,NA,10,5,NA,98.63,NA,NA,NA,0,NA,98.63,5,0,NA
0016-09-19,38,7,"R6","38.7.R6","Chamber 1",129.51,NA,7,NA,0,NA,0,NA,17,14.6,17.7,NA,NA,0,NA,NA,NA,"",20,35,"Verdelho",129.51,7,16.4333333333333,0,NA,0,NA,0,"moist",16.4333333333333,0,0,0,NA,10,2,NA,8.42999999999999,NA,NA,NA,0,NA,8.42999999999999,2,0,0
0016-09-21,13,3,"R4","13.3.R4","Chamber 2",NA,148.32,NA,7,NA,0,0,0,13,13.5,15,NA,NA,0,NA,NA,NA,"",26,37,"Pinot gris",148.32,7,13.8333333333333,0,NA,0,NA,0,"dry",13.8333333333333,0,0,NA,NA,7,NA,1,NA,12.8,NA,NA,NA,0,12.8,1,0,NA
0016-09-21,13,3,"R5","13.3.R5","Chamber 4",298.19,NA,10,NA,0,NA,0,NA,18.3,18.8,19.1,NA,NA,27,NA,46,NA,"",34,37,"Pinot gris",298.19,10,18.7333333333333,0,NA,27,46,0,"very moist",18.7333333333333,0,0,1,NA,12,4,NA,112.36,NA,NA,NA,0,NA,112.36,4,0,1
0016-09-21,14,1,"R3","14.1.R3","Chamber 1",251.66,NA,10,NA,0,NA,0,NA,15.2,15.1,15.5,NA,NA,0,NA,NA,NA,"",20,37,"Cabernet Sauvignon",251.66,10,15.2666666666667,0,NA,0,NA,0,"dry",15.2666666666667,0,0,0,NA,9,2,NA,66.77,NA,NA,NA,0,NA,66.77,2,0,0
0016-09-21,16,1,"R1","16.1.R1","Chamber 5",78.68,174.49,6,8,0,0,0,0,10.8,13.3,10.9,NA,NA,0,21,NA,34,"",37,37,"Sauvignon blanc",126.585,7,11.6666666666667,0,NA,10.5,34,0,"driest",11.6666666666667,0,0,NA,0.875,7,0,1,25.89,19.41,NA,NA,0,0,22.65,0.5,0,0.875
0016-09-21,16,1,"R3","16.1.R3","Chamber 1",120.88,344.88,7,10,0,0,0,0,11.1,13,11.6,NA,NA,0,NA,NA,NA,"",20,37,"Sauvignon blanc",232.88,8.5,11.9,0,NA,0,NA,0,"driest",11.9,0,0,0,NA,2,0,0,5.34999999999999,13.75,NA,NA,0,0,9.55,0,0,0
0016-09-21,16,1,"R4","16.1.R4","Chamber 4",136.91,NA,9,NA,0,NA,0,NA,17.5,16.6,16,NA,NA,14,NA,16,NA,"",34,37,"Sauvignon blanc",136.91,9,16.7,0,NA,14,16,0,"moist",16.7,0,0,1,NA,9,2,NA,36.89,NA,NA,NA,0,NA,36.89,2,0,1
0016-09-21,16,1,"R7","16.1.R7","Chamber 2",NA,184.15,NA,10,NA,0,0,0,17.1,16.2,17,NA,NA,0,32,NA,67,"",26,37,"Sauvignon blanc",184.15,10,16.7666666666667,0,NA,16,67,0,"moist",16.7666666666667,0,0,NA,0.888888888888889,7,NA,2,NA,61.84,NA,NA,NA,0,61.84,2,0,0.888888888888889
0016-09-21,18,5,"R1","18.5.R1","Chamber 3",232.35,366.72,10,10,0,4,0,7,17,18.1,18.5,NA,2,0,NA,NA,NA,"",30,37,"Durif1",299.535,10,17.8666666666667,2,2,0,NA,3.5,"very moist",17.8666666666667,2,4,0,NA,12,4,3,85.03,143.53,NA,NA,0,4,114.28,3.5,2,0
0016-09-21,18,5,"R4","18.5.R4","Chamber 3",479.15,NA,10,NA,0,NA,0,NA,9.4,11.2,9.7,NA,NA,33,NA,57,NA,"",30,37,"Durif1",479.15,10,10.1,0,NA,33,57,0,"driest",10.1,0,0,1,NA,9,1,NA,106.78,NA,NA,NA,0,NA,106.78,1,0,1
0016-09-21,18,5,"R5","18.5.R5","Chamber 3",NA,299.48,NA,10,NA,0,0,0,11.5,11.9,13.6,NA,NA,56,NA,111,NA,"",30,37,"Durif1",299.48,10,12.3333333333333,0,NA,56,111,0,"driest",12.3333333333333,0,0,1,NA,9,NA,2,NA,89.34,NA,NA,NA,0,89.34,2,0,1
0016-09-21,18,5,"R7","18.5.R7","Chamber 2",154.71,188.98,6,10,0,0,0,0,11,13.1,13.9,NA,NA,0,NA,NA,NA,"",26,37,"Durif1",171.845,8,12.6666666666667,0,NA,0,NA,0,"driest",12.6666666666667,0,0,0,NA,5,0,1,2.11000000000001,4.88,NA,NA,0,0,3.495,0.5,0,0
0016-09-21,18,5,"R8","18.5.R8","Chamber 1",380.4,NA,10,NA,0,NA,0,NA,15.3,15.3,15.9,NA,NA,0,NA,NA,NA,"",20,37,"Durif1",380.4,10,15.5,0,NA,0,NA,0,"dry",15.5,0,0,0,NA,9,0,NA,67.92,NA,NA,NA,0,NA,67.92,0,0,0
0016-09-21,19,9,"R3","19.9.R3","Chamber 4",NA,331.41,NA,10,NA,0,0,0,14.6,15.6,13.4,NA,NA,0,59,NA,117,"",34,37,"Syrah",331.41,10,14.5333333333333,0,NA,29.5,117,0,"dry",14.5333333333333,0,0,NA,0.936507936507937,12,NA,4,NA,140.84,NA,NA,NA,0,140.84,4,0,0.936507936507937
0016-09-21,20,2,"R1","20.2.R1","Chamber 5",61.46,199.65,5,9,0,0,0,0,15.3,16.7,16.5,NA,NA,0,33,NA,57,"",37,37,"Valdepenas",130.555,7,16.1666666666667,0,NA,16.5,57,0,"moist",16.1666666666667,0,0,NA,0.492537313432836,7,0,0,4.08,36.9,NA,NA,0,0,20.49,0,0,0.492537313432836
0016-09-21,20,2,"R4","20.2.R4","Chamber 5",NA,212.13,NA,9,NA,5,0,18,12.9,11.8,11.9,NA,NA,0,146,NA,323,"",37,37,"Valdepenas",212.13,9,12.2,5,NA,73,323,9,"driest",12.2,5,5,NA,1,12,NA,1,NA,31.49,NA,NA,NA,5,31.49,1,5,1
0016-09-21,20,2,"R5","20.2.R5","Chamber 4",258.24,NA,9,NA,0,NA,0,NA,13.9,11.2,14,NA,NA,51,NA,98,NA,"",34,37,"Valdepenas",258.24,9,13.0333333333333,0,NA,51,98,0,"driest",13.0333333333333,0,0,1,NA,7,1,NA,52.74,NA,NA,NA,0,NA,52.74,1,0,1
0016-09-21,20,5,"R3","20.5.R3","Chamber 3",NA,147.64,NA,10,NA,0,0,0,12,11.2,11.4,NA,NA,0,22,NA,33,"",30,37,"Gewurtztraminer",147.64,10,11.5333333333333,0,NA,11,33,0,"driest",11.5333333333333,0,0,NA,1,9,NA,5,NA,82.03,NA,NA,NA,0,82.03,5,0,1
0016-09-21,22,9,"R7","22.9.R7","Chamber 5",174.38,NA,7,NA,0,NA,0,NA,17.4,19,19.2,NA,NA,0,NA,NA,NA,"",37,37,"Durif2",174.38,7,18.5333333333333,0,NA,0,NA,0,"very moist",18.5333333333333,0,0,0,NA,0,0,NA,0,NA,NA,NA,0,NA,0,0,0,0
0016-09-21,35,3,"R6","35.3.R6","Chamber 3",298.7,NA,10,NA,0,NA,0,NA,9.5,9.9,9.5,NA,NA,20,NA,29,NA,"",30,37,"Tempranillo",298.7,10,9.63333333333333,0,NA,20,29,0,"driest",9.63333333333333,0,0,0.952380952380952,NA,5,1,NA,71.77,NA,NA,NA,0,NA,71.77,1,0,0.952380952380952
0016-09-21,38,7,"R2","38.7.R2","Chamber 5",129.21,181.18,8,8,0,0,0,0,17.9,14.4,12.8,NA,NA,0,87,NA,182,"",37,37,"Verdelho",155.195,8,15.0333333333333,0,NA,43.5,182,0,"dry",15.0333333333333,0,0,0,0.428571428571429,12,3,3,78.17,40.06,NA,NA,0,0,59.115,3,0,0.214285714285714
0016-09-21,38,7,"R3","38.7.R3","Chamber 4",155.08,239.05,10,10,1,2,0,5,13.8,11.6,12.3,NA,3,0,NA,NA,NA,"",34,37,"Verdelho",197.065,10,12.5666666666667,1.5,3,0,NA,2.5,"driest",12.5666666666667,1.5,3,NA,NA,12,5,2,71.84,67.68,NA,NA,1,2,69.76,3.5,1.5,NA
0016-09-21,38,7,"R4","38.7.R4","Chamber 3",72.14,129.08,6,8,50,18,25,21,11.9,14,13.7,NA,NA,0,NA,NA,NA,"",30,37,"Verdelho",100.61,7,13.2,34,NA,0,NA,23,"driest",13.2,34,68,NA,NA,12,2,2,13.04,18.39,NA,NA,50,18,15.715,2,34,NA
0016-09-21,38,7,"R5","38.7.R5","Chamber 2",246.56,NA,10,NA,15,NA,3,NA,14.2,13.8,11.4,NA,NA,0,NA,NA,NA,"leaf damage",26,37,"Verdelho",246.56,10,13.1333333333333,15,NA,0,NA,3,"driest",13.1333333333333,15,15,NA,NA,12,5,NA,116.51,NA,NA,NA,15,NA,116.51,5,15,NA
0016-09-21,38,7,"R6","38.7.R6","Chamber 1",129.6,NA,7,NA,0,NA,0,NA,14.9,15.6,16.9,NA,NA,70,NA,142,NA,"",20,37,"Verdelho",129.6,7,15.8,0,NA,70,142,0,"moist",15.8,0,0,1,NA,12,2,NA,8.52,NA,NA,NA,0,NA,8.52,2,0,1
0016-09-23,13,3,"R4","13.3.R4","Chamber 2",NA,150.8,NA,7,NA,20,0,3,16.3,13.5,17.1,NA,NA,0,NA,NA,NA,"",26,39,"Pinot gris",150.8,7,15.6333333333333,20,NA,0,NA,1.5,"moist",15.6333333333333,20,20,NA,NA,9,NA,1,NA,15.28,NA,NA,NA,20,15.28,1,20,NA
0016-09-23,13,3,"R5","13.3.R5","Chamber 4",301.64,NA,10,NA,0,NA,0,NA,15,17,15.6,6,NA,0,38,NA,42,"",34,39,"Pinot gris",301.64,10,15.8666666666667,0,6,19,42,0,"moist",15.8666666666667,0,0,0,1,14,4,NA,115.81,NA,NA,NA,0,NA,115.81,4,0,0.5
0016-09-23,14,1,"R3","14.1.R3","Chamber 1",252.24,NA,10,NA,0,NA,0,NA,14.5,12.4,14.4,NA,NA,37,NA,64,NA,"",20,39,"Cabernet Sauvignon",252.24,10,13.7666666666667,0,NA,37,64,0,"driest",13.7666666666667,0,0,1,NA,11,2,NA,67.35,NA,NA,NA,0,NA,67.35,2,0,1
0016-09-23,16,1,"R1","16.1.R1","Chamber 5",81.08,174.93,7,8,0,0,0,0,15.6,16.7,17,NA,NA,0,24,NA,36,"",37,39,"Sauvignon blanc",128.005,7.5,16.4333333333333,0,NA,12,36,0,"moist",16.4333333333333,0,0,NA,1,9,1,1,28.29,19.85,NA,NA,0,0,24.07,1,0,1
0016-09-23,16,1,"R3","16.1.R3","Chamber 1",121.5,353.34,7,10,0,0,0,0,8,8.7,8.6,NA,NA,16,10,21,12,"",20,39,"Sauvignon blanc",237.42,8.5,8.43333333333333,0,NA,13,16.5,0,"driest",8.43333333333333,0,0,1,0.909090909090909,4,0,0,5.97,22.21,NA,NA,0,0,14.09,0,0,0.954545454545455
0016-09-23,16,1,"R4","16.1.R4","Chamber 4",154.71,NA,10,NA,0,NA,0,NA,15.3,14.2,14.5,NA,NA,0,NA,NA,NA,"",34,39,"Sauvignon blanc",154.71,10,14.6666666666667,0,NA,0,NA,0,"dry",14.6666666666667,0,0,0,NA,11,3,NA,54.69,NA,NA,NA,0,NA,54.69,3,0,0
0016-09-23,16,1,"R7","16.1.R7","Chamber 2",NA,186.96,NA,12,NA,0,0,0,17,15.8,15.8,NA,NA,0,36,NA,62,"",26,39,"Sauvignon blanc",186.96,12,16.2,0,NA,18,62,0,"moist",16.2,0,0,NA,1,9,NA,4,NA,64.65,NA,NA,NA,0,64.65,4,0,1
0016-09-23,18,5,"R1","18.5.R1","Chamber 3",236.44,376.44,10,10,0,7,0,5,14.5,14.3,15.6,NA,NA,8,NA,8,NA,"",30,39,"Durif1",306.44,10,14.8,3.5,NA,8,8,2.5,"dry",14.8,3.5,7,1,NA,14,4,3,89.12,153.25,NA,NA,0,7,121.185,3.5,3.5,1
0016-09-23,18,5,"R4","18.5.R4","Chamber 3",482.73,NA,10,NA,0,NA,0,NA,12.5,14.7,14.5,NA,NA,0,NA,NA,NA,"38.7",30,39,"Durif1",482.73,10,13.9,0,NA,0,NA,0,"dry",13.9,0,0,0,NA,11,1,NA,110.36,NA,NA,NA,0,NA,110.36,1,0,0
0016-09-23,18,5,"R5","18.5.R5","Chamber 3",NA,308.23,NA,10,NA,0,0,0,14.4,15.8,16.7,NA,NA,0,54,NA,105,"",30,39,"Durif1",308.23,10,15.6333333333333,0,NA,27,105,0,"moist",15.6333333333333,0,0,0,1,11,NA,2,NA,98.09,NA,NA,NA,0,98.09,2,0,0.5
0016-09-23,18,5,"R7","18.5.R7","Chamber 2",155.08,191.03,6,10,0,0,0,0,17.4,16.6,17.4,NA,NA,36,16,64,17,"",26,39,"Durif1",173.055,8,17.1333333333333,0,NA,26,40.5,0,"moist",17.1333333333333,0,0,0.705882352941177,1,7,0,1,2.48000000000002,6.93000000000001,NA,NA,0,0,4.70500000000001,0.5,0,0.852941176470588
0016-09-23,18,5,"R8","18.5.R8","Chamber 1",384.41,NA,10,NA,0,NA,0,NA,12,12.6,13.7,NA,NA,22,NA,33,NA,"",20,39,"Durif1",384.41,10,12.7666666666667,0,NA,22,33,0,"driest",12.7666666666667,0,0,1,NA,11,0,NA,71.93,NA,NA,NA,0,NA,71.93,0,0,1
0016-09-23,19,9,"R3","19.9.R3","Chamber 4",NA,347.51,NA,10,NA,0,0,0,19,17.1,19,NA,9,0,63,NA,124,"",34,39,"Syrah",347.51,10,18.3666666666667,0,9,31.5,124,0,"very moist",18.3666666666667,0,0,NA,1,14,NA,4,NA,156.94,NA,NA,NA,0,156.94,4,0,1
0016-09-23,20,2,"R1","20.2.R1","Chamber 5",63.25,200.88,5,9,0,1,0,1,17.2,17.1,17.5,NA,NA,0,67,NA,135,"",37,39,"Valdepenas",132.065,7,17.2666666666667,0.5,NA,33.5,135,0.5,"very moist",17.2666666666667,0.5,1,NA,1,9,0,0,5.87,38.13,NA,NA,0,1,22,0,0.5,1
0016-09-23,20,2,"R4","20.2.R4","Chamber 5",NA,216.43,NA,10,NA,15,0,24,18.6,17.9,15.1,NA,9,0,107,NA,230,"",37,39,"Valdepenas",216.43,10,17.2,15,9,53.5,230,12,"moist",17.2,15,15,NA,0.732876712328767,14,NA,2,NA,35.79,NA,NA,NA,15,35.79,2,15,0.732876712328767
0016-09-23,20,2,"R5","20.2.R5","Chamber 4",259,NA,10,NA,50,NA,18,NA,19.4,19.9,18,NA,NA,0,NA,NA,NA,"",34,39,"Valdepenas",259,10,19.1,50,NA,0,NA,18,"very moist",19.1,50,50,0,NA,9,2,NA,53.5,NA,NA,NA,50,NA,53.5,2,50,0
0016-09-23,20,2,"R6","20.2.R6","Chamber 4",157.45,NA,8,NA,0,NA,0,NA,17.6,13.5,14.1,NA,NA,0,NA,NA,NA,"",34,39,"Valdepenas",157.45,8,15.0666666666667,0,NA,0,NA,0,"dry",15.0666666666667,0,0,NA,NA,0,0,NA,0,NA,NA,NA,0,NA,0,0,0,NA
0016-09-23,20,5,"R3","20.5.R3","Chamber 3",NA,171.93,NA,10,NA,5,0,1,15,13.4,13.8,NA,NA,0,NA,NA,NA,"35.4",30,39,"Gewurtztraminer",171.93,10,14.0666666666667,5,NA,0,NA,0.5,"dry",14.0666666666667,5,5,NA,NA,11,NA,5,NA,106.32,NA,NA,NA,5,106.32,5,5,NA
0016-09-23,22,9,"R7","22.9.R7","Chamber 5",175.74,NA,8,NA,0,NA,0,NA,14.7,15.4,15.7,NA,NA,40,NA,74,NA,"",37,39,"Durif2",175.74,8,15.2666666666667,0,NA,40,74,0,"dry",15.2666666666667,0,0,1,NA,2,1,NA,1.36000000000001,NA,NA,NA,0,NA,1.36000000000001,1,0,1
0016-09-23,35,3,"R6","35.3.R6","Chamber 3",299.85,NA,10,NA,0,NA,0,NA,12.8,14.1,11.8,NA,NA,21,NA,32,NA,"",30,39,"Tempranillo",299.85,10,12.9,0,NA,21,32,0,"driest",12.9,0,0,1,NA,7,1,NA,72.92,NA,NA,NA,0,NA,72.92,1,0,1
0016-09-23,38,7,"R2","38.7.R2","Chamber 5",143.22,182.62,8,9,0,1,0,2,14.6,13.9,14,NA,NA,18,203,18,448,"",37,39,"Verdelho",162.92,8.5,14.1666666666667,0.5,NA,110.5,233,1,"dry",14.1666666666667,0.5,1,1,1,14,3,4,92.18,41.5,NA,NA,0,1,66.84,3.5,0.5,1
0016-09-23,38,7,"R3","38.7.R3","Chamber 4",161.08,240.25,10,10,2,20,0,3,19.7,15.8,15.7,NA,1,0,NA,NA,NA,"",34,39,"Verdelho",200.665,10,17.0666666666667,11,1,0,NA,1.5,"moist",17.0666666666667,11,22,NA,NA,14,5,2,77.84,68.88,NA,NA,2,20,73.36,3.5,11,NA
0016-09-23,38,7,"R4","38.7.R4","Chamber 3",73.12,140.16,6,9,60,75,16,12,12.2,16.5,14.7,NA,NA,0,NA,NA,NA,"",30,39,"Verdelho",106.64,7.5,14.4666666666667,67.5,NA,0,NA,14,"dry",14.4666666666667,67.5,135,NA,NA,14,2,3,14.02,29.47,NA,NA,60,75,21.745,2.5,67.5,NA
0016-09-23,38,7,"R5","38.7.R5","Chamber 2",250.05,NA,12,NA,20,NA,4,NA,15.9,15.3,13.9,NA,NA,0,NA,NA,NA,"",26,39,"Verdelho",250.05,12,15.0333333333333,20,NA,0,NA,4,"dry",15.0333333333333,20,20,NA,NA,14,7,NA,120,NA,NA,NA,20,NA,120,7,20,NA
0016-09-23,38,7,"R6","38.7.R6","Chamber 1",129.94,NA,7,NA,2,NA,3,NA,13.1,12.7,12.3,10,NA,0,NA,NA,NA,"",20,39,"Verdelho",129.94,7,12.7,2,10,0,NA,3,"driest",12.7,2,2,0,NA,14,2,NA,8.86,NA,NA,NA,2,NA,8.86,2,2,0
0016-09-26,13,3,"R4","13.3.R4","Chamber 2",NA,151.66,NA,7,NA,30,0,3,14,14,15.2,NA,NA,0,NA,NA,NA,"",26,42,"Pinot gris",151.66,7,14.4,30,NA,0,NA,1.5,"dry",14.4,30,30,NA,NA,12,NA,1,NA,16.14,NA,NA,NA,30,16.14,1,30,NA
0016-09-26,13,3,"R5","13.3.R5","Chamber 4",302.67,NA,10,NA,0,NA,0,NA,16.5,18.6,15.8,2,NA,0,NA,NA,NA,"",34,42,"Pinot gris",302.67,10,16.9666666666667,0,2,0,NA,0,"moist",16.9666666666667,0,0,0,NA,17,4,NA,116.84,NA,NA,NA,0,NA,116.84,4,0,0
0016-09-26,14,1,"R3","14.1.R3","Chamber 1",255.1,NA,10,NA,0,NA,0,NA,14.8,15.6,16.4,NA,NA,23,NA,31,NA,"",20,42,"Cabernet Sauvignon",255.1,10,15.6,0,NA,23,31,0,"moist",15.6,0,0,0.621621621621622,NA,14,2,NA,70.21,NA,NA,NA,0,NA,70.21,2,0,0.621621621621622
0016-09-26,16,1,"R1","16.1.R1","Chamber 5",81.5,177.51,7,9,0,0,0,0,15.6,16.2,16.1,NA,31,0,NA,NA,NA,"",37,42,"Sauvignon blanc",129.505,8,15.9666666666667,0,31,0,NA,0,"moist",15.9666666666667,0,0,NA,NA,12,1,2,28.71,22.43,NA,NA,0,0,25.57,1.5,0,NA
0016-09-26,16,1,"R3","16.1.R3","Chamber 1",121.67,353.55,7,10,0,0,0,0,16.2,15.7,15.5,NA,NA,11,11,15,11,"",20,42,"Sauvignon blanc",237.61,8.5,15.8,0,NA,11,13,0,"moist",15.8,0,0,0.6875,1,7,0,0,6.14,22.42,NA,NA,0,0,14.28,0,0,0.84375
0016-09-26,16,1,"R4","16.1.R4","Chamber 4",197.73,NA,12,NA,0,NA,0,NA,15.7,16.1,17,9,NA,0,NA,NA,NA,"",34,42,"Sauvignon blanc",197.73,12,16.2666666666667,0,9,0,NA,0,"moist",16.2666666666667,0,0,0,NA,14,5,NA,97.71,NA,NA,NA,0,NA,97.71,5,0,0
0016-09-26,16,1,"R7","16.1.R7","Chamber 2",NA,212.51,NA,12,NA,6,0,4,16.3,13.7,15,NA,1,0,NA,NA,NA,"",26,42,"Sauvignon blanc",212.51,12,15,6,1,0,NA,2,"dry",15,6,6,NA,NA,12,NA,4,NA,90.2,NA,NA,NA,6,90.2,4,6,NA
0016-09-26,18,5,"R1","18.5.R1","Chamber 3",243.51,381.77,10,10,0,30,0,16,15.7,13,12.2,NA,NA,0,NA,NA,NA,"fruit setting on stem 2, 18 flower buds counted",30,42,"Durif1",312.64,10,13.6333333333333,15,NA,0,NA,8,"driest",13.6333333333333,15,30,0,NA,17,4,3,96.19,158.58,NA,NA,0,30,127.385,3.5,15,0
0016-09-26,18,5,"R4","18.5.R4","Chamber 3",487.78,NA,10,NA,0,NA,14,NA,13.7,13.6,12.1,NA,NA,0,NA,NA,NA,"no open flowers despite caps in bag?",30,42,"Durif1",487.78,10,13.1333333333333,0,NA,0,NA,14,"driest",13.1333333333333,0,0,0,NA,14,1,NA,115.41,NA,NA,NA,0,NA,115.41,1,0,0
0016-09-26,18,5,"R5","18.5.R5","Chamber 3",NA,310.13,NA,10,NA,1,0,1,14,15,14.3,1,NA,0,NA,NA,NA,"",30,42,"Durif1",310.13,10,14.4333333333333,1,1,0,NA,0.5,"dry",14.4333333333333,1,1,0,NA,14,NA,2,NA,99.99,NA,NA,NA,1,99.99,2,1,0
0016-09-26,18,5,"R7","18.5.R7","Chamber 2",158.85,191.05,6,10,0,0,1,1,16.1,17.5,16.3,1,NA,51,NA,97,NA,"",26,42,"Durif1",174.95,8,16.6333333333333,0,1,51,97,1,"moist",16.6333333333333,0,0,1,NA,10,0,1,6.25,6.95000000000002,NA,NA,0,0,6.60000000000001,0.5,0,1
0016-09-26,18,5,"R8","18.5.R8","Chamber 1",387.5,NA,10,NA,0,NA,0,NA,13.3,16.9,15.4,NA,NA,15,NA,16,NA,"",20,42,"Durif1",387.5,10,15.2,0,NA,15,16,0,"dry",15.2,0,0,0.681818181818182,NA,14,0,NA,75.02,NA,NA,NA,0,NA,75.02,0,0,0.681818181818182
0016-09-26,19,9,"R3","19.9.R3","Chamber 4",NA,347.77,NA,10,NA,2,0,1,16.8,17.2,16,NA,30,0,NA,NA,NA,"",34,42,"Syrah",347.77,10,16.6666666666667,2,30,0,NA,0.5,"moist",16.6666666666667,2,2,NA,NA,17,NA,4,NA,157.2,NA,NA,NA,2,157.2,4,2,NA
0016-09-26,20,2,"R1","20.2.R1","Chamber 5",63.33,204.99,6,10,0,75,0,9,10.7,17.3,14.9,NA,NA,0,NA,NA,NA,"",37,42,"Valdepenas",134.16,8,14.3,37.5,NA,0,NA,4.5,"dry",14.3,37.5,75,NA,NA,12,1,1,5.95,42.24,NA,NA,0,75,24.095,1,37.5,NA
0016-09-26,20,2,"R4","20.2.R4","Chamber 5",NA,216.98,NA,10,NA,45,0,22,17.1,18.5,17.3,NA,26,0,NA,NA,NA,"fruit setting on stem 2",37,42,"Valdepenas",216.98,10,17.6333333333333,45,26,0,NA,11,"very moist",17.6333333333333,45,45,NA,NA,17,NA,2,NA,36.34,NA,NA,NA,45,36.34,2,45,NA
0016-09-26,20,2,"R5","20.2.R5","Chamber 4",259.78,NA,10,NA,85,NA,54,NA,17.6,14.6,17.8,9,NA,0,NA,NA,NA,"",34,42,"Valdepenas",259.78,10,16.6666666666667,85,9,0,NA,54,"moist",16.6666666666667,85,85,0,NA,12,2,NA,54.28,NA,NA,NA,85,NA,54.28,2,85,0
0016-09-26,20,2,"R6","20.2.R6","Chamber 4",158.27,NA,9,NA,0,NA,0,NA,19.9,14.6,16,NA,NA,0,NA,NA,NA,"",34,42,"Valdepenas",158.27,9,16.8333333333333,0,NA,0,NA,0,"moist",16.8333333333333,0,0,NA,NA,3,1,NA,0.820000000000022,NA,NA,NA,0,NA,0.820000000000022,1,0,NA
0016-09-26,20,5,"R3","20.5.R3","Chamber 3",NA,191.59,NA,12,NA,5,0,6,15.1,12.7,14.4,NA,NA,0,NA,NA,NA,"",30,42,"Gewurtztraminer",191.59,12,14.0666666666667,5,NA,0,NA,3,"dry",14.0666666666667,5,5,NA,NA,14,NA,7,NA,125.98,NA,NA,NA,5,125.98,7,5,NA
0016-09-26,22,9,"R7","22.9.R7","Chamber 5",221.14,NA,9,NA,0,NA,0,NA,17.6,18.3,19.7,10,NA,0,NA,NA,NA,"",37,42,"Durif2",221.14,9,18.5333333333333,0,10,0,NA,0,"very moist",18.5333333333333,0,0,0,NA,5,2,NA,46.76,NA,NA,NA,0,NA,46.76,2,0,0
0016-09-26,35,3,"R6","35.3.R6","Chamber 3",303.32,NA,10,NA,50,NA,3,NA,14,14.8,13.4,2,NA,0,NA,NA,NA,"",30,42,"Tempranillo",303.32,10,14.0666666666667,50,2,0,NA,3,"dry",14.0666666666667,50,50,0,NA,10,1,NA,76.39,NA,NA,NA,50,NA,76.39,1,50,0
0016-09-26,38,7,"R2","38.7.R2","Chamber 5",145.55,190.87,9,9,0,0,0,0,17.4,15.1,16.4,2,9,0,144,NA,292,"",37,42,"Verdelho",168.21,9,16.3,0,5.5,72,292,0,"moist",16.3,0,0,0,0.70935960591133,17,4,4,94.51,49.75,NA,NA,0,0,72.13,4,0,0.354679802955665
0016-09-26,38,7,"R3","38.7.R3","Chamber 4",162.9,245.47,10,10,40,50,6,15,16,13.3,13.7,3,10,0,NA,NA,NA,"fruit setting on both stems",34,42,"Verdelho",204.185,10,14.3333333333333,45,6.5,0,NA,10.5,"dry",14.3333333333333,45,90,NA,NA,17,5,2,79.66,74.1,NA,NA,40,50,76.88,3.5,45,NA
0016-09-26,38,7,"R4","38.7.R4","Chamber 3",75.12,140.48,6,9,90,85,2,17,14.1,16.1,17.8,1,9,0,NA,NA,NA,"fruit setting on stem 2",30,42,"Verdelho",107.8,7.5,16,87.5,5,0,NA,9.5,"moist",16,87.5,175,NA,NA,17,2,3,16.02,29.79,NA,NA,90,85,22.905,2.5,87.5,NA
0016-09-26,38,7,"R5","38.7.R5","Chamber 2",257.35,NA,13,NA,95,NA,20,NA,17.8,16,15.8,NA,NA,0,NA,NA,NA,"",26,42,"Verdelho",257.35,13,16.5333333333333,95,NA,0,NA,20,"moist",16.5333333333333,95,95,NA,NA,17,8,NA,127.3,NA,NA,NA,95,NA,127.3,8,95,NA
0016-09-26,38,7,"R6","38.7.R6","Chamber 1",131.21,NA,7,NA,40,NA,23,NA,15.2,17,15.3,NA,NA,0,NA,NA,NA,"",20,42,"Verdelho",131.21,7,15.8333333333333,40,NA,0,NA,23,"moist",15.8333333333333,40,40,0,NA,17,2,NA,10.13,NA,NA,NA,40,NA,10.13,2,40,0
0016-09-28,13,3,"R4","13.3.R4","Chamber 2",NA,157.02,NA,9,NA,45,0,2,12.5,12.7,12.4,NA,NA,0,NA,NA,NA,"",26,44,"Pinot gris",157.02,9,12.5333333333333,45,NA,0,NA,1,"driest",12.5333333333333,45,45,NA,NA,14,NA,3,NA,21.5,NA,NA,NA,45,21.5,3,45,NA
0016-09-28,13,3,"R5","13.3.R5","Chamber 4",305.26,NA,10,NA,0,NA,0,NA,18.5,18.9,20.3,6,NA,0,NA,NA,NA,"",34,44,"Pinot gris",305.26,10,19.2333333333333,0,6,0,NA,0,"very moist",19.2333333333333,0,0,0,NA,19,4,NA,119.43,NA,NA,NA,0,NA,119.43,4,0,0
0016-09-28,14,1,"R3","14.1.R3","Chamber 1",257.41,NA,11,NA,6,NA,0,NA,15.1,16,12.9,NA,NA,0,NA,NA,NA,"",20,44,"Cabernet Sauvignon",257.41,11,14.6666666666667,6,NA,0,NA,0,"dry",14.6666666666667,6,6,0,NA,16,3,NA,72.52,NA,NA,NA,6,NA,72.52,3,6,0
0016-09-28,16,1,"R1","16.1.R1","Chamber 5",85.27,183.39,7,9,0,0,0,0,16.3,16,17,NA,5,0,NA,NA,NA,"large, droopy, but rough leaves with brown spots, all buds gone, inflor bare",37,44,"Sauvignon blanc",134.33,8,16.4333333333333,0,5,0,NA,0,"moist",16.4333333333333,0,0,NA,NA,14,1,2,32.48,28.31,NA,NA,0,0,30.395,1.5,0,NA
0016-09-28,16,1,"R3","16.1.R3","Chamber 1",122.99,355.96,7,10,0,0,0,0,14.8,15.9,15.3,NA,NA,0,NA,NA,NA,"",20,44,"Sauvignon blanc",239.475,8.5,15.3333333333333,0,NA,0,NA,0,"dry",15.3333333333333,0,0,0,NA,9,0,0,7.45999999999999,24.83,NA,NA,0,0,16.145,0,0,0
0016-09-28,16,1,"R4","16.1.R4","Chamber 4",207.3,NA,13,NA,0,NA,0,NA,12.7,16,16.4,NA,NA,0,NA,NA,NA,"inflorescence fell off, no flowers on it",34,44,"Sauvignon blanc",207.3,13,15.0333333333333,0,NA,0,NA,0,"dry",15.0333333333333,0,0,0,NA,16,6,NA,107.28,NA,NA,NA,0,NA,107.28,6,0,0
0016-09-28,16,1,"R7","16.1.R7","Chamber 2",NA,221.69,NA,12,NA,6,0,1,17.1,15.2,16.2,NA,1,0,NA,NA,NA,"",26,44,"Sauvignon blanc",221.69,12,16.1666666666667,6,1,0,NA,0.5,"moist",16.1666666666667,6,6,NA,NA,14,NA,4,NA,99.38,NA,NA,NA,6,99.38,4,6,NA
0016-09-28,18,5,"R1","18.5.R1","Chamber 3",257.2,382.23,10,10,0,40,0,6,17.9,18.7,16.9,NA,1,0,NA,NA,NA,"color leaching from leaves",30,44,"Durif1",319.715,10,17.8333333333333,20,1,0,NA,3,"very moist",17.8333333333333,20,40,0,NA,19,4,3,109.88,159.04,NA,NA,0,40,134.46,3.5,20,0
0016-09-28,18,5,"R4","18.5.R4","Chamber 3",497.02,NA,10,NA,0,NA,1,NA,11.5,14.9,15.7,NA,NA,0,NA,NA,NA,"color leaching from leaves",30,44,"Durif1",497.02,10,14.0333333333333,0,NA,0,NA,1,"dry",14.0333333333333,0,0,0,NA,16,1,NA,124.65,NA,NA,NA,0,NA,124.65,1,0,0
0016-09-28,18,5,"R5","18.5.R5","Chamber 3",NA,310.16,NA,10,NA,5,0,0,16.8,13.6,15.5,NA,1,0,NA,NA,NA,"color leaching from leaves",30,44,"Durif1",310.16,10,15.3,5,1,0,NA,0,"dry",15.3,5,5,0,NA,16,NA,2,NA,100.02,NA,NA,NA,5,100.02,2,5,0
0016-09-28,18,5,"R7","18.5.R7","Chamber 2",159.13,198.16,7,11,2,0,0,0,12.6,15.2,15.2,NA,NA,0,NA,NA,NA,"leaves on stem 2 continue to turn brown, stem 1 leaves getting a few brown patches",26,44,"Durif1",178.645,9,14.3333333333333,1,NA,0,NA,0,"dry",14.3333333333333,1,2,0,NA,12,1,2,6.53,14.06,NA,NA,2,0,10.295,1.5,1,0
0016-09-28,18,5,"R8","18.5.R8","Chamber 1",389.7,NA,10,NA,4,NA,1,NA,11.3,12.6,13.6,NA,NA,0,NA,NA,NA,"leaves at apex starting to turn brown",20,44,"Durif1",389.7,10,12.5,4,NA,0,NA,1,"driest",12.5,4,4,0,NA,16,0,NA,77.22,NA,NA,NA,4,NA,77.22,0,4,0
0016-09-28,19,9,"R3","19.9.R3","Chamber 4",NA,348.53,NA,10,NA,0,0,0,16.7,15.4,16.6,NA,13,0,NA,NA,NA,"",34,44,"Syrah",348.53,10,16.2333333333333,0,13,0,NA,0,"moist",16.2333333333333,0,0,NA,NA,19,NA,4,NA,157.96,NA,NA,NA,0,157.96,4,0,NA
0016-09-28,20,2,"R1","20.2.R1","Chamber 5",63.34,212.87,6,10,0,20,0,4,15.2,15.3,15,NA,3,0,NA,NA,NA,"large, droopy, but rough leaves with brown spots",37,44,"Valdepenas",138.105,8,15.1666666666667,10,3,0,NA,2,"dry",15.1666666666667,10,20,NA,NA,14,1,1,5.96,50.12,NA,NA,0,20,28.04,1,10,NA
0016-09-28,20,2,"R4","20.2.R4","Chamber 5",NA,217.52,NA,10,NA,50,0,30,18.8,18.2,19.2,NA,40,0,NA,NA,NA,"large, droopy, but rough leaves with brown spots",37,44,"Valdepenas",217.52,10,18.7333333333333,50,40,0,NA,15,"very moist",18.7333333333333,50,50,NA,NA,19,NA,2,NA,36.88,NA,NA,NA,50,36.88,2,50,NA
0016-09-28,20,2,"R5","20.2.R5","Chamber 4",264.56,NA,10,NA,95,NA,21,NA,15.7,14.8,15.1,23,NA,0,NA,NA,NA,"",34,44,"Valdepenas",264.56,10,15.2,95,23,0,NA,21,"dry",15.2,95,95,0,NA,14,2,NA,59.06,NA,NA,NA,95,NA,59.06,2,95,0
0016-09-28,20,2,"R6","20.2.R6","Chamber 4",166.52,NA,9,NA,50,NA,2,NA,14.2,12,11.6,NA,NA,0,NA,NA,NA,"",34,44,"Valdepenas",166.52,9,12.6,50,NA,0,NA,2,"driest",12.6,50,50,NA,NA,5,1,NA,9.07000000000002,NA,NA,NA,50,NA,9.07000000000002,1,50,NA
0016-09-28,20,5,"R3","20.5.R3","Chamber 3",NA,225.41,NA,13,NA,20,0,2,15.9,15.4,15.9,NA,8,0,NA,NA,NA,"",30,44,"Gewurtztraminer",225.41,13,15.7333333333333,20,8,0,NA,1,"moist",15.7333333333333,20,20,NA,NA,16,NA,8,NA,159.8,NA,NA,NA,20,159.8,8,20,NA
0016-09-28,22,9,"R7","22.9.R7","Chamber 5",253.97,NA,10,NA,2,NA,1,NA,18.7,17.8,20.3,3,NA,0,NA,NA,NA,"large, droopy, but rough leaves",37,44,"Durif2",253.97,10,18.9333333333333,2,3,0,NA,1,"very moist",18.9333333333333,2,2,0,NA,7,3,NA,79.59,NA,NA,NA,2,NA,79.59,3,2,0
0016-09-28,24,9,"R7","24.9.R7","Chamber 4",276.05,NA,11,NA,0,NA,0,NA,11.4,13.1,12.7,NA,NA,0,NA,NA,NA,"",34,44,"Dolcetto",276.05,11,12.4,0,NA,0,NA,0,"driest",12.4,0,0,NA,NA,0,0,NA,0,NA,NA,NA,0,NA,0,0,0,NA
0016-09-28,35,3,"R6","35.3.R6","Chamber 3",310.18,NA,10,NA,80,NA,5,NA,14.1,16.5,14.4,NA,NA,0,NA,NA,NA,"color leaching from leaves",30,44,"Tempranillo",310.18,10,15,80,NA,0,NA,5,"dry",15,80,80,0,NA,12,1,NA,83.25,NA,NA,NA,80,NA,83.25,1,80,0
0016-09-28,38,7,"R2","38.7.R2","Chamber 5",150.06,197.28,10,9,0,0,0,0,14.6,13.1,14.7,NA,3,0,NA,NA,NA,"large, droopy, but rough leaves with brown spots",37,44,"Verdelho",173.67,9.5,14.1333333333333,0,3,0,NA,0,"dry",14.1333333333333,0,0,0,NA,19,5,4,99.02,56.16,NA,NA,0,0,77.59,4.5,0,0
0016-09-28,38,7,"R3","38.7.R3","Chamber 4",163.47,245.82,10,10,50,70,0,3,18.3,16.9,17.4,3,15,0,NA,NA,NA,"",34,44,"Verdelho",204.645,10,17.5333333333333,60,9,0,NA,1.5,"very moist",17.5333333333333,60,120,NA,NA,19,5,2,80.23,74.45,NA,NA,50,70,77.34,3.5,60,NA
0016-09-28,38,7,"R4","38.7.R4","Chamber 3",76.29,153.1,7,9,95,85,5,10,18.1,17.8,17.8,1,2,0,NA,NA,NA,"color leaching from leaves",30,44,"Verdelho",114.695,8,17.9,90,1.5,0,NA,7.5,"very moist",17.9,90,180,NA,NA,19,3,3,17.19,42.41,NA,NA,95,85,29.8,3,90,NA
0016-09-28,38,7,"R5","38.7.R5","Chamber 2",271.43,NA,13,NA,40,NA,1,NA,11.7,11.8,14.1,NA,NA,0,NA,NA,NA,"",26,44,"Verdelho",271.43,13,12.5333333333333,40,NA,0,NA,1,"driest",12.5333333333333,40,40,NA,NA,19,8,NA,141.38,NA,NA,NA,40,NA,141.38,8,40,NA
0016-09-28,38,7,"R6","38.7.R6","Chamber 1",135.65,NA,8,NA,80,NA,23,NA,13.8,12.8,11.8,NA,NA,0,NA,NA,NA,"",20,44,"Verdelho",135.65,8,12.8,80,NA,0,NA,23,"driest",12.8,80,80,0,NA,19,3,NA,14.57,NA,NA,NA,80,NA,14.57,3,80,0
0016-09-30,13,3,"R4","13.3.R4","Chamber 2",NA,161.6,NA,10,NA,50,0,0,17,16.6,15.4,NA,1,0,NA,NA,NA,"",26,46,"Pinot gris",161.6,10,16.3333333333333,50,1,0,NA,0,"moist",16.3333333333333,50,50,NA,NA,16,NA,4,NA,26.08,NA,NA,NA,50,26.08,4,50,NA
0016-09-30,13,3,"R5","13.3.R5","Chamber 4",309.38,NA,10,NA,0,NA,0,NA,20.2,21.9,20.6,2,NA,0,NA,NA,NA,"",34,46,"Pinot gris",309.38,10,20.9,0,2,0,NA,0,"very moist",20.9,0,0,0,NA,21,4,NA,123.55,NA,NA,NA,0,NA,123.55,4,0,0
0016-09-30,14,1,"R3","14.1.R3","Chamber 1",261.83,NA,11,NA,20,NA,6,NA,15.6,15.6,15,6,NA,0,NA,NA,NA,"",20,46,"Cabernet Sauvignon",261.83,11,15.4,20,6,0,NA,6,"dry",15.4,20,20,0,NA,18,3,NA,76.94,NA,NA,NA,20,NA,76.94,3,20,0
0016-09-30,16,1,"R1","16.1.R1","Chamber 5",88.2,189.78,8,10,0,0,0,0,19.7,18.6,18.8,NA,NA,0,NA,NA,NA,"",37,46,"Sauvignon blanc",138.99,9,19.0333333333333,0,NA,0,NA,0,"very moist",19.0333333333333,0,0,NA,NA,16,2,3,35.41,34.7,NA,NA,0,0,35.055,2.5,0,NA
0016-09-30,16,1,"R3","16.1.R3","Chamber 1",124.26,359.17,7,10,0,0,0,0,17.7,14.8,16.3,NA,NA,0,NA,NA,NA,"",20,46,"Sauvignon blanc",241.715,8.5,16.2666666666667,0,NA,0,NA,0,"moist",16.2666666666667,0,0,0,NA,11,0,0,8.73,28.04,NA,NA,0,0,18.385,0,0,0
0016-09-30,16,1,"R4","16.1.R4","Chamber 4",242.99,NA,14,NA,0,NA,0,NA,18.4,21.1,22.5,NA,NA,0,NA,NA,NA,"",34,46,"Sauvignon blanc",242.99,14,20.6666666666667,0,NA,0,NA,0,"very moist",20.6666666666667,0,0,0,NA,18,7,NA,142.97,NA,NA,NA,0,NA,142.97,7,0,0
0016-09-30,16,1,"R7","16.1.R7","Chamber 2",NA,228.22,NA,15,NA,20,0,5,19.7,16.9,18.6,NA,NA,0,NA,NA,NA,"",26,46,"Sauvignon blanc",228.22,15,18.4,20,NA,0,NA,2.5,"very moist",18.4,20,20,NA,NA,16,NA,7,NA,105.91,NA,NA,NA,20,105.91,7,20,NA
0016-09-30,18,5,"R1","18.5.R1","Chamber 3",272.09,387.12,10,10,60,55,0,5,15.9,17.4,20.2,NA,2,0,NA,NA,NA,"",30,46,"Durif1",329.605,10,17.8333333333333,57.5,2,0,NA,2.5,"very moist",17.8333333333333,57.5,115,0,NA,21,4,3,124.77,163.93,NA,NA,60,55,144.35,3.5,57.5,0
0016-09-30,18,5,"R4","18.5.R4","Chamber 3",502.68,NA,10,NA,15,NA,0,NA,18,16.3,17.6,NA,NA,0,NA,NA,NA,"",30,46,"Durif1",502.68,10,17.3,15,NA,0,NA,0,"very moist",17.3,15,15,0,NA,18,1,NA,130.31,NA,NA,NA,15,NA,130.31,1,15,0
0016-09-30,18,5,"R5","18.5.R5","Chamber 3",NA,316.68,NA,10,NA,10,0,1,18.1,18.2,17.5,NA,3,0,NA,NA,NA,"",30,46,"Durif1",316.68,10,17.9333333333333,10,3,0,NA,0.5,"very moist",17.9333333333333,10,10,0,NA,18,NA,2,NA,106.54,NA,NA,NA,10,106.54,2,10,0
0016-09-30,18,5,"R7","18.5.R7","Chamber 2",160.43,206.03,8,11,5,6,1,0,17.2,18.1,17.3,NA,NA,0,NA,NA,NA,"",26,46,"Durif1",183.23,9.5,17.5333333333333,5.5,NA,0,NA,0.5,"very moist",17.5333333333333,5.5,11,0,NA,14,2,2,7.83000000000001,21.93,NA,NA,5,6,14.88,2,5.5,0
0016-09-30,18,5,"R8","18.5.R8","Chamber 1",391.48,NA,10,NA,25,NA,2,NA,17.4,17.2,17.8,NA,NA,0,NA,NA,NA,"",20,46,"Durif1",391.48,10,17.4666666666667,25,NA,0,NA,2,"very moist",17.4666666666667,25,25,0,NA,18,0,NA,79,NA,NA,NA,25,NA,79,0,25,0
0016-09-30,19,9,"R3","19.9.R3","Chamber 4",NA,348.62,NA,10,NA,0,0,0,20.8,18.6,19.8,NA,2,0,NA,NA,NA,"",34,46,"Syrah",348.62,10,19.7333333333333,0,2,0,NA,0,"very moist",19.7333333333333,0,0,NA,NA,21,NA,4,NA,158.05,NA,NA,NA,0,158.05,4,0,NA
0016-09-30,20,2,"R1","20.2.R1","Chamber 5",66.64,272.53,6,10,0,20,0,11,19.4,18.1,17.5,NA,19,0,NA,NA,NA,"",37,46,"Valdepenas",169.585,8,18.3333333333333,10,19,0,NA,5.5,"very moist",18.3333333333333,10,20,NA,NA,16,1,1,9.26,109.78,NA,NA,0,20,59.52,1,10,NA
0016-09-30,20,2,"R4","20.2.R4","Chamber 5",NA,218.01,NA,10,NA,50,0,19,19.6,18.5,19.5,NA,34,0,NA,NA,NA,"",37,46,"Valdepenas",218.01,10,19.2,50,34,0,NA,9.5,"very moist",19.2,50,50,NA,NA,21,NA,2,NA,37.37,NA,NA,NA,50,37.37,2,50,NA
0016-09-30,20,2,"R5","20.2.R5","Chamber 4",264.62,NA,10,NA,50,NA,9,NA,21.6,18.6,19.2,31,NA,0,NA,NA,NA,"",34,46,"Valdepenas",264.62,10,19.8,50,31,0,NA,9,"very moist",19.8,50,50,0,NA,16,2,NA,59.12,NA,NA,NA,50,NA,59.12,2,50,0
0016-09-30,20,2,"R6","20.2.R6","Chamber 4",167,NA,9,NA,70,NA,1,NA,19,20.6,19.5,NA,NA,0,NA,NA,NA,"",34,46,"Valdepenas",167,9,19.7,70,NA,0,NA,1,"very moist",19.7,70,70,NA,NA,7,1,NA,9.55000000000001,NA,NA,NA,70,NA,9.55000000000001,1,70,NA
0016-09-30,20,5,"R3","20.5.R3","Chamber 3",NA,236.03,NA,14,NA,30,0,0,17.8,19,17.9,NA,NA,0,NA,NA,NA,"",30,46,"Gewurtztraminer",236.03,14,18.2333333333333,30,NA,0,NA,0,"very moist",18.2333333333333,30,30,NA,NA,18,NA,9,NA,170.42,NA,NA,NA,30,170.42,9,30,NA
0016-09-30,22,9,"R7","22.9.R7","Chamber 5",258.33,NA,11,NA,15,NA,1,NA,14.4,16.6,18,1,NA,0,NA,NA,NA,"",37,46,"Durif2",258.33,11,16.3333333333333,15,1,0,NA,1,"moist",16.3333333333333,15,15,0,NA,9,4,NA,83.95,NA,NA,NA,15,NA,83.95,4,15,0
0016-09-30,24,9,"R7","24.9.R7","Chamber 4",282.59,NA,11,NA,0,NA,0,NA,18.8,18.1,18.1,NA,NA,0,NA,NA,NA,"inflor looks shriveled and dry, found in soil",34,46,"Dolcetto",282.59,11,18.3333333333333,0,NA,0,NA,0,"very moist",18.3333333333333,0,0,NA,NA,2,0,NA,6.53999999999996,NA,NA,NA,0,NA,6.53999999999996,0,0,NA
0016-09-30,35,3,"R6","35.3.R6","Chamber 3",311.97,NA,10,NA,95,NA,2,NA,18.2,18.5,17.2,2,NA,0,NA,NA,NA,"",30,46,"Tempranillo",311.97,10,17.9666666666667,95,2,0,NA,2,"very moist",17.9666666666667,95,95,0,NA,14,1,NA,85.04,NA,NA,NA,95,NA,85.04,1,95,0
0016-09-30,38,7,"R2","38.7.R2","Chamber 5",153.78,199.11,10,10,0,0,0,0,16.2,14.3,16.6,NA,24,0,NA,NA,NA,"",37,46,"Verdelho",176.445,10,15.7,0,24,0,NA,0,"moist",15.7,0,0,0,NA,21,5,5,102.74,57.99,NA,NA,0,0,80.365,5,0,0
0016-09-30,38,7,"R3","38.7.R3","Chamber 4",164.17,246.89,10,10,85,80,0,5,20.2,20.1,17.3,5,18,0,NA,NA,NA,"",34,46,"Verdelho",205.53,10,19.2,82.5,11.5,0,NA,2.5,"very moist",19.2,82.5,165,NA,NA,21,5,2,80.93,75.52,NA,NA,85,80,78.225,3.5,82.5,NA
0016-09-30,38,7,"R4","38.7.R4","Chamber 3",76.4,153.8,7,9,98,98,0,5,18.7,18.9,18.5,1,6,0,NA,NA,NA,"",30,46,"Verdelho",115.1,8,18.7,98,3.5,0,NA,2.5,"very moist",18.7,98,196,NA,NA,21,3,3,17.3,43.11,NA,NA,98,98,30.205,3,98,NA
0016-09-30,38,7,"R5","38.7.R5","Chamber 2",278.61,NA,13,NA,90,NA,5,NA,16.2,17.2,16,2,NA,0,NA,NA,NA,"",26,46,"Verdelho",278.61,13,16.4666666666667,90,2,0,NA,5,"moist",16.4666666666667,90,90,NA,NA,21,8,NA,148.56,NA,NA,NA,90,NA,148.56,8,90,NA
0016-09-30,38,7,"R6","38.7.R6","Chamber 1",136.89,NA,8,NA,95,NA,35,NA,18.1,16.3,17.2,NA,NA,0,NA,NA,NA,"",20,46,"Verdelho",136.89,8,17.2,95,NA,0,NA,35,"moist",17.2,95,95,0,NA,21,3,NA,15.81,NA,NA,NA,95,NA,15.81,3,95,0
0016-10-03,13,3,"R4","13.3.R4","Chamber 2",NA,168.72,NA,10,NA,100,NA,1,14.5,14.4,15.1,NA,1,0,NA,NA,NA,"",26,49,"Pinot gris",168.72,10,14.6666666666667,100,1,0,NA,1,"dry",14.6666666666667,100,100,NA,NA,19,NA,4,NA,33.2,NA,NA,NA,100,33.2,4,100,NA
0016-10-03,13,3,"R5","13.3.R5","Chamber 4",325.72,NA,9,NA,50,NA,0,NA,20.3,20.7,20.4,2,NA,0,NA,NA,NA,"",34,49,"Pinot gris",325.72,9,20.4666666666667,50,2,0,NA,0,"very moist",20.4666666666667,50,50,0,NA,24,3,NA,139.89,NA,NA,NA,50,NA,139.89,3,50,0
0016-10-03,14,1,"R3","14.1.R3","Chamber 1",265.93,NA,11,NA,60,NA,6,NA,13.8,14.4,12.2,NA,NA,0,NA,NA,NA,"",20,49,"Cabernet Sauvignon",265.93,11,13.4666666666667,60,NA,0,NA,6,"driest",13.4666666666667,60,60,0,NA,21,3,NA,81.04,NA,NA,NA,60,NA,81.04,3,60,0
0016-10-03,16,1,"R1","16.1.R1","Chamber 5",89.49,190.86,8,10,0,0,0,0,16.6,14.7,16.4,NA,NA,0,NA,NA,NA,"",37,49,"Sauvignon blanc",140.175,9,15.9,0,NA,0,NA,0,"moist",15.9,0,0,NA,NA,19,2,3,36.7,35.78,NA,NA,0,0,36.24,2.5,0,NA
0016-10-03,16,1,"R3","16.1.R3","Chamber 1",124.49,361.06,7,10,30,0,2,0,14.5,11.9,13.9,NA,2,2,NA,2,NA,"",20,49,"Sauvignon blanc",242.775,8.5,13.4333333333333,15,2,2,2,1,"driest",13.4333333333333,15,30,0.125,NA,14,0,0,8.95999999999999,29.93,NA,NA,30,0,19.445,0,15,0.125
0016-10-03,16,1,"R4","16.1.R4","Chamber 4",246.5,NA,14,NA,0,NA,NA,NA,16.3,13.9,17.9,NA,NA,0,NA,NA,NA,"",34,49,"Sauvignon blanc",246.5,14,16.0333333333333,0,NA,0,NA,NA,"moist",16.0333333333333,0,0,0,NA,21,7,NA,146.48,NA,NA,NA,0,NA,146.48,7,0,0
0016-10-03,16,1,"R7","16.1.R7","Chamber 2",NA,228.66,NA,15,NA,50,0,2,17.5,18.2,15.7,NA,2,0,NA,NA,NA,"",26,49,"Sauvignon blanc",228.66,15,17.1333333333333,50,2,0,NA,1,"moist",17.1333333333333,50,50,NA,NA,19,NA,7,NA,106.35,NA,NA,NA,50,106.35,7,50,NA
0016-10-03,18,5,"R1","18.5.R1","Chamber 3",274.72,390.81,10,10,0,90,NA,1,16.1,17.1,14.6,NA,NA,0,NA,NA,NA,"",30,49,"Durif1",332.765,10,15.9333333333333,45,NA,0,NA,1,"moist",15.9333333333333,45,90,0,NA,24,4,3,127.4,167.62,NA,NA,0,90,147.51,3.5,45,0
0016-10-03,18,5,"R4","18.5.R4","Chamber 3",504.7,NA,11,NA,85,NA,1,NA,13,13.8,17.4,NA,NA,0,NA,NA,NA,"",30,49,"Durif1",504.7,11,14.7333333333333,85,NA,0,NA,1,"dry",14.7333333333333,85,85,0,NA,21,2,NA,132.33,NA,NA,NA,85,NA,132.33,2,85,0
0016-10-03,18,5,"R5","18.5.R5","Chamber 3",NA,319.99,NA,10,NA,90,0,6,14.3,15.7,12.9,NA,NA,0,NA,NA,NA,"",30,49,"Durif1",319.99,10,14.3,90,NA,0,NA,3,"dry",14.3,90,90,0,NA,21,NA,2,NA,109.85,NA,NA,NA,90,109.85,2,90,0
0016-10-03,18,5,"R7","18.5.R7","Chamber 2",165.36,207.33,8,11,2,30,1,1,18.5,16.3,13.9,NA,NA,0,NA,NA,NA,"",26,49,"Durif1",186.345,9.5,16.2333333333333,16,NA,0,NA,1,"moist",16.2333333333333,16,32,0,NA,17,2,2,12.76,23.23,NA,NA,2,30,17.995,2,16,0
0016-10-03,18,5,"R8","18.5.R8","Chamber 1",396.36,NA,10,NA,30,NA,3,NA,12.2,15.8,14.6,NA,NA,0,NA,NA,NA,"",20,49,"Durif1",396.36,10,14.2,30,NA,0,NA,3,"dry",14.2,30,30,0,NA,21,0,NA,83.88,NA,NA,NA,30,NA,83.88,0,30,0
0016-10-03,19,9,"R3","19.9.R3","Chamber 4",NA,355.01,NA,9,NA,75,NA,NA,13.7,14.5,14.4,NA,4,0,NA,NA,NA,"",34,49,"Syrah",355.01,9,14.2,75,4,0,NA,NA,"dry",14.2,75,75,NA,NA,24,NA,3,NA,164.44,NA,NA,NA,75,164.44,3,75,NA
0016-10-03,20,2,"R1","20.2.R1","Chamber 5",72.38,276.9,6,10,100,NA,NA,8,14.2,15,16.7,NA,10,0,NA,NA,NA,"",37,49,"Valdepenas",174.64,8,15.3,100,10,0,NA,8,"dry",15.3,100,100,NA,NA,19,1,1,15,114.15,NA,NA,100,NA,64.575,1,100,NA
0016-10-03,20,2,"R4","20.2.R4","Chamber 5",NA,225.72,NA,10,NA,100,NA,5,15.5,16.3,15.5,NA,55,0,NA,NA,NA,"",37,49,"Valdepenas",225.72,10,15.7666666666667,100,55,0,NA,5,"moist",15.7666666666667,100,100,NA,NA,24,NA,2,NA,45.08,NA,NA,NA,100,45.08,2,100,NA
0016-10-03,20,2,"R5","20.2.R5","Chamber 4",280.1,NA,10,NA,100,NA,2,NA,13.6,16.8,14.4,1,NA,0,NA,NA,NA,"",34,49,"Valdepenas",280.1,10,14.9333333333333,100,1,0,NA,2,"dry",14.9333333333333,100,100,0,NA,19,2,NA,74.6,NA,NA,NA,100,NA,74.6,2,100,0
0016-10-03,20,2,"R6","20.2.R6","Chamber 4",169.05,NA,9,NA,100,NA,0,NA,16,16.8,14.7,NA,NA,0,NA,NA,NA,"",34,49,"Valdepenas",169.05,9,15.8333333333333,100,NA,0,NA,0,"moist",15.8333333333333,100,100,NA,NA,10,1,NA,11.6,NA,NA,NA,100,NA,11.6,1,100,NA
0016-10-03,20,5,"R3","20.5.R3","Chamber 3",NA,263.53,NA,14,NA,30,NA,0,16.6,15.4,15.4,NA,NA,0,NA,NA,NA,"",30,49,"Gewurtztraminer",263.53,14,15.8,30,NA,0,NA,0,"moist",15.8,30,30,NA,NA,21,NA,9,NA,197.92,NA,NA,NA,30,197.92,9,30,NA
0016-10-03,22,9,"R7","22.9.R7","Chamber 5",273.81,NA,12,NA,90,NA,1,NA,16.8,14.9,14.9,NA,NA,0,NA,NA,NA,"",37,49,"Durif2",273.81,12,15.5333333333333,90,NA,0,NA,1,"moist",15.5333333333333,90,90,0,NA,12,5,NA,99.43,NA,NA,NA,90,NA,99.43,5,90,0
0016-10-03,24,9,"R7","24.9.R7","Chamber 4",296.97,NA,11,NA,0,NA,0,NA,14.3,14,14.9,NA,NA,0,NA,NA,NA,"",34,49,"Dolcetto",296.97,11,14.4,0,NA,0,NA,0,"dry",14.4,0,0,NA,NA,5,0,NA,20.92,NA,NA,NA,0,NA,20.92,0,0,NA
0016-10-03,35,3,"R6","35.3.R6","Chamber 3",316.22,NA,10,NA,60,NA,2,NA,12.6,14.9,16.3,1,NA,0,NA,NA,NA,"",30,49,"Tempranillo",316.22,10,14.6,60,1,0,NA,2,"dry",14.6,60,60,0,NA,17,1,NA,89.29,NA,NA,NA,60,NA,89.29,1,60,0
0016-10-03,38,7,"R2","38.7.R2","Chamber 5",205.85,234.27,11,10,10,5,0,0,14.2,12.4,11.8,NA,8,0,NA,NA,NA,"",37,49,"Verdelho",220.06,10.5,12.8,7.5,8,0,NA,0,"driest",12.8,7.5,15,0,NA,24,6,5,154.81,93.15,NA,NA,10,5,123.98,5.5,7.5,0
0016-10-03,38,7,"R3","38.7.R3","Chamber 4",167.53,247.86,10,10,50,40,5,17,18.5,16.3,14,4,3,0,NA,NA,NA,"",34,49,"Verdelho",207.695,10,16.2666666666667,45,3.5,0,NA,11,"moist",16.2666666666667,45,90,NA,NA,24,5,2,84.29,76.49,NA,NA,50,40,80.39,3.5,45,NA
0016-10-03,38,7,"R4","38.7.R4","Chamber 3",78.3,157.48,7,9,100,100,2,9,17.2,16.9,15.7,NA,2,0,NA,NA,NA,"",30,49,"Verdelho",117.89,8,16.6,100,2,0,NA,5.5,"moist",16.6,100,200,NA,NA,24,3,3,19.2,46.79,NA,NA,100,100,32.995,3,100,NA
0016-10-03,38,7,"R5","38.7.R5","Chamber 2",280.83,NA,13,NA,60,NA,2,NA,14.6,16,15.8,2,NA,0,NA,NA,NA,"",26,49,"Verdelho",280.83,13,15.4666666666667,60,2,0,NA,2,"dry",15.4666666666667,60,60,NA,NA,24,8,NA,150.78,NA,NA,NA,60,NA,150.78,8,60,NA
0016-10-03,38,7,"R6","38.7.R6","Chamber 1",155.09,NA,8,NA,0,30,5,NA,13.5,14.6,12.7,NA,NA,0,NA,NA,NA,"",20,49,"Verdelho",155.09,8,13.6,15,NA,0,NA,5,"driest",13.6,15,30,0,NA,24,3,NA,34.01,NA,NA,NA,0,NA,34.01,3,0,0
