"Date","RowNum","Num","Rep","RowNumNumRep","bud1.spur1","bud2.spur1","bud1.spur2","bud2.spur2","diam.spur1","diam.spur2","dist.spur2","dist.spur1","notes","days","Var"
NA,18,1,"R5","18.1.R5",3.38,3.96,3.06,3.2,4.91,4.28,23.12,7.92,"",NA,"Cinsault"
NA,18,1,"R2","18.1.R2",3.52,4.19,3.41,3.89,3.93,5.48,8.5,18.38,"",NA,"Cinsault"
NA,39,7,"R9","39.7.R9",4.84,3.7,NA,NA,8.25,NA,NA,23.15,"only 1 spur",NA,"Carnelian"
NA,34,5,"R3","34.5.R3",5.18,4.5,5.25,3.96,5.31,5.91,18.16,11.26,"",NA,"Morrastel"
NA,29,7,"R1","29.7.R1",5.38,3,NA,NA,6.56,NA,NA,13.18,"only 1 spur",NA,"Tocai Friulano"
NA,14,3,"R9","14.3.R9",5.85,4.7,4.22,4.96,5.56,5.53,9.91,17.02,"",NA,"Carmenere"
NA,18,3,"R8","18.3.R8",4.22,3.92,4.68,1.48,4.48,3.66,5.77,9.6,"green growth",NA,"Counoise"
NA,18,1,"R4","18.1.R4",4.56,3.24,4.52,3.19,5.85,5.52,7.87,16.28,"",NA,"Cinsault"
NA,20,4,"R7","20.4.R7",5.27,2.07,5.82,5.05,3.92,5.96,14.9,12.96,"green growth",NA,"Viognier"
NA,24,9,"R6","24.9.R6",3.3,5.56,5.82,5.51,5.07,6.23,7.49,15.15,"",NA,"Dolcetto"
NA,24,9,"R5","24.9.R5",2.78,3.3,3.1,3.65,5.53,5.09,4.38,10.88,"",NA,"Dolcetto"
NA,23,7,"R4","23.7.R4",5.55,3.81,4.35,4.24,5.43,8.05,11.38,10.46,"",NA,"Szagos feher"
NA,39,7,"R1","39.7.R1",3.71,5.06,NA,NA,6.37,NA,NA,6.79,"only 1 spur",NA,"Carnelian"
NA,22,7,"R3","22.7.R3",4.02,5.07,NA,NA,6.64,NA,NA,6.04,"only 1 spur",NA,"Furmint"
NA,12,1,"R7","12.1.R7",4.04,3.11,3.18,3.37,6.06,4.55,6.16,7.98,"",NA,"Aligote"
NA,12,1,"R5","12.1.R5",3.56,2.13,3.35,4.66,2.3,4.48,4.12,8.16,"",NA,"Aligote"
NA,22,1,"R6","22.1.R6",4.48,3.71,NA,NA,5.71,NA,NA,8.21,"only 1 spur",NA,"Rotgipfler"
NA,34,1,"R2","34.1.R2",3.83,3.77,4.02,4.05,5.74,7.19,9.35,6.39,"",NA,"Macabeo"
NA,39,7,"R2","39.7.R2",4.12,3.41,4.64,3.68,6.48,5.61,14.63,19.41,"",NA,"Carnelian"
NA,22,1,"R5","22.1.R5",4.36,3.42,4.07,3.43,4.95,4.74,12.32,3.3,"",NA,"Rotgipfler"
NA,19,9,"R6","19.9.R6",3.85,3.7,2.62,3.8,6.24,6.1,9.92,8.29,"",NA,"Syrah"
NA,25,9,"R4","25.9.R4",3.5,2.91,4.39,2.74,5.43,5.54,17.06,16.19,"",NA,"Nebbiolo"
NA,12,7,"R4","12.7.R4",3.1,3.02,2.96,4.54,3.43,4.56,7.63,11.56,"",NA,"Gamay Noir"
NA,22,7,"R5","22.7.R5",2.87,6.52,NA,NA,5.92,NA,NA,20.51,"green growth, only 1 spur",NA,"Furmint"
NA,29,3,"R4","29.3.R4",3.64,3.8,NA,NA,8.3,NA,NA,5.98,"only 1 spur",NA,"Schiopettino"
NA,14,1,"R4","14.1.R4",5.42,4.17,NA,NA,5.69,NA,NA,19.97,"only 1 spur",NA,"Cabernet Sauvignon"
NA,18,7,"R4","18.7.R4",4.4,4.62,NA,NA,5.32,NA,NA,15.03,"only 1 spur",NA,"Marsanne"
NA,20,2,"R3","20.2.R3",5.52,3.24,3.69,2.76,5.61,4.38,7.61,13.07,"",NA,"Valdepenas"
NA,29,3,"R3","29.3.R3",3.72,3.37,4.06,4.05,4.35,7.04,7.79,5.64,"",NA,"Schiopettino"
NA,23,7,"R6","23.7.R6",3.36,4.18,5.23,4.65,6.19,6.27,8.55,7.89,"",NA,"Szagos feher"
NA,34,1,"R4","34.1.R4",3.25,4.18,2.67,3.34,4.77,5.59,5.24,18.09,"",NA,"Macabeo"
NA,44,1,"R4","44.1.R4",4.32,5.2,NA,NA,8.39,NA,NA,13.18,"only 1 spur",NA,"Ruby Seedless"
NA,13,3,"R5","13.3.R5",4.19,3.99,NA,NA,5.05,NA,NA,8,"only 1 spur",NA,"Pinot gris"
NA,40,9,"R6","40.9.R6",3.86,3.11,3.18,3.6,6,4.06,12.6,14.78,"",NA,"Ruby Cabernet"
NA,12,7,"R7","12.7.R7",2.41,2.3,2.6,4.16,2.99,5.47,6.44,16.06,"",NA,"Gamay Noir"
NA,24,1,"R7","24.1.R7",3.63,3.52,NA,NA,5.19,NA,NA,16.11,"only 1 spur",NA,"Barbera"
NA,19,9,"R4","19.9.R4",2.15,2.84,3.14,3.75,4.61,5.14,6.93,7.97,"green growth",NA,"Syrah"
NA,12,5,"R5","12.5.R5",3.06,2.15,3.9,3.07,5.32,3.96,9.68,12.99,"",NA,"Chardonnay"
NA,32,5,"R4","32.5.R4",4.18,3.9,NA,NA,6.26,NA,NA,22.23,"only 1 spur",NA,"Rkatsiteli"
NA,18,5,"R3","18.5.R3",2.68,3.19,NA,NA,3.81,NA,NA,6.46,"only 1 spur",NA,"Durif1"
NA,20,2,"R4","20.2.R4",3.93,2.82,5.32,4.39,5.27,5.6,21.32,21.35,"green growth",NA,"Valdepenas"
NA,24,1,"R3","24.1.R3",3.85,2.65,3.64,5.1,3.87,5.36,13.63,8.52,"green growth",NA,"Barbera"
NA,24,1,"R2","24.1.R2",4.16,3.25,NA,NA,3.82,NA,NA,6.71,"only 1 spur",NA,"Barbera"
NA,38,7,"R2","38.7.R2",3.68,3.5,2.13,3.55,4.84,5.56,13.57,20.41,"",NA,"Verdelho"
NA,22,9,"R7","22.9.R7",4.84,3.44,NA,NA,10.88,NA,NA,18.53,"only 1 spur",NA,"Durif2"
NA,21,7,"R2","21.7.R2",2.33,2.28,NA,NA,2.22,NA,NA,5.51,"only 1 spur, spur dead?",NA,"Chasselas doree"
NA,21,7,"R3","21.7.R3",3.29,2.96,NA,NA,5.96,NA,NA,12.02,"only 1 spur",NA,"Chasselas doree"
NA,12,7,"R3","12.7.R3",3.86,3.42,4.46,3.21,2.95,3.98,6.91,8.29,"",NA,"Gamay Noir"
NA,18,5,"R5","18.5.R5",4.22,3.55,4.57,4.36,4.39,6.72,14.64,13.81,"",NA,"Durif1"
NA,21,7,"R4","21.7.R4",4.94,3.21,4.65,3.02,4.8,5.29,7.58,8.65,"",NA,"Chasselas doree"
NA,27,1,"R4","27.1.R4",4.29,3.71,NA,NA,7.97,NA,NA,17.07,"green growth, only 1 spur",NA,"Coda di Volpe"
NA,12,7,"R5","12.7.R5",3.47,2.36,NA,NA,2.69,NA,NA,10.99,"only 1 spur",NA,"Gamay Noir"
NA,21,9,"R1","21.9.R1",3.22,2.73,3.66,3.16,6.29,4.27,9.91,8.89,"",NA,"Gruner Veltiner"
NA,24,1,"R4","24.1.R4",3.19,3.78,2.79,2.23,5.36,3.36,10.74,14.43,"",NA,"Barbera"
NA,34,1,"R6","34.1.R6",3.21,3.67,2.8,3.27,3.94,6.39,7.43,9.04,"",NA,"Macabeo"
NA,28,7,"R4","28.7.R4",2.36,5.49,1.82,4.63,6.28,5.19,12.44,13.75,"",NA,"Refosco"
NA,13,5,"R2","13.5.R2",2.18,3.71,2.79,2.9,5.23,5.26,1.7,5.92,"",NA,"Pinot  Meunier"
NA,12,10,"R2","12.10.R2",2.64,2.84,4.06,3.53,4.91,6.12,6.41,3.73,"",NA,"Melon"
NA,39,7,"R6","39.7.R6",3.35,2.49,4.04,3.06,2.88,7.97,22.27,6.51,"spur 1 dead?",NA,"Carnelian"
NA,40,9,"R2","40.9.R2",4.84,3.9,4.41,3.84,5.41,7.26,10.87,12.48,"",NA,"Ruby Cabernet"
NA,20,2,"R5","20.2.R5",3.7,4.16,NA,NA,6.85,NA,NA,4.48,"only 1 spur",NA,"Valdepenas"
NA,22,9,"R6","22.9.R6",4.25,4.37,3.53,3.86,6.07,4.48,21.39,20.74,"",NA,"Durif2"
NA,32,3,"R3","32.3.R3",2.36,4.36,4.05,NA,4.69,6.89,NA,11.73,"second spur only had 1 bud",NA,"Zinfandel/Primitivo"
NA,13,5,"R3","13.5.R3",2.37,2.11,2.43,4.98,2.32,4.35,4.6,4.56,"",NA,"Pinot  Meunier"
NA,18,1,"R1","18.1.R1",2.77,3.36,4.22,4.13,4.76,5.68,11.92,11.73,"",NA,"Cinsault"
NA,24,1,"R1","24.1.R1",3.48,3.12,3.4,3.52,4.29,4.64,11.93,20.91,"",NA,"Barbera"
NA,21,7,"R5","21.7.R5",3.9,4.1,NA,NA,6.02,NA,NA,18.35,"only 1 spur",NA,"Chasselas doree"
NA,20,4,"R3","20.4.R3",3.81,4.43,4.26,4.37,5.15,6.64,3.62,12.25,"",NA,"Viognier"
NA,34,7,"R4","34.7.R4",2.99,3.43,3.13,3.48,6.9,6.85,15.87,14.26,"green growth",NA,"Palomino"
NA,12,7,"R8","12.7.R8",4.64,3.95,2.45,2.68,4.59,2.88,9.96,5.01,"",NA,"Gamay Noir"
NA,17,3,"R7","17.3.R7",6.17,3.16,NA,NA,8.58,NA,NA,11.32,"only 1 spur",NA,"Alicante Bouchet"
NA,12,3,"R3","12.3.R3",3.04,NA,3.86,3.32,5.54,4.26,6.05,NA,"first spur only had 1 bud",NA,"Auxerrois"
NA,24,9,"R1","24.9.R1",2.79,NA,3.9,3.55,5.31,6.8,11.09,NA,"first spur only had 1 bud",NA,"Dolcetto"
NA,16,1,"R4","16.1.R4",3.14,4.07,NA,NA,7.36,NA,NA,9.5,"only 1 spur",NA,"Sauvignon blanc"
NA,18,1,"R3","18.1.R3",1.82,2.72,1.63,4.52,6.62,4.41,5.49,9.55,"",NA,"Cinsault"
NA,15,3,"R3","15.3.R3",3.81,4.98,NA,NA,5.61,NA,NA,9.07,"only 1 spur",NA,"Merlot"
NA,29,3,"R5","29.3.R5",3.33,3.13,3.79,2.68,5.26,6.67,6.23,16.51,"",NA,"Schiopettino"
NA,39,7,"R5","39.7.R5",2.69,4.36,NA,NA,6.78,NA,NA,13.11,"only 1 spur",NA,"Carnelian"
NA,21,9,"R8","21.9.R8",2.12,2.06,3.26,3.46,4.37,4.93,14.29,7.74,"",NA,"Gruner Veltiner"
NA,22,1,"R1","22.1.R1",2.1,3.62,NA,NA,6.73,NA,NA,4.19,"only 1 spur",NA,"Rotgipfler"
NA,32,3,"R6","32.3.R6",6.36,3.18,4.31,5.39,3.66,4.23,13.57,16.78,"",NA,"Zinfandel/Primitivo"
NA,20,4,"R2","20.4.R2",3.63,3.68,NA,NA,5.46,NA,NA,12.46,"only 1 spur",NA,"Viognier"
NA,34,5,"R2","34.5.R2",1.24,2.08,4.29,6.03,2.18,8.42,12.25,8.61,"",NA,"Morrastel"
NA,15,3,"R1","15.3.R1",4.58,3.2,3.64,3.37,5.89,5.67,19.34,6.13,"",NA,"Merlot"
NA,22,1,"R4","22.1.R4",2.85,3.39,4.24,2.57,7.76,4.54,6.64,7.59,"",NA,"Rotgipfler"
NA,22,9,"R5","22.9.R5",3.38,3.57,3.79,3.84,6.1,6.97,11.02,5.74,"",NA,"Durif2"
NA,17,3,"R5","17.3.R5",3.93,2.97,4.6,4.36,5.16,6.77,5.77,11.06,"",NA,"Alicante Bouchet"
NA,18,7,"R9","18.7.R9",3.47,2.5,NA,NA,5.67,NA,NA,6.42,"only 1 spur",NA,"Marsanne"
NA,19,7,"R4","19.7.R4",3.05,2.57,3.15,4.98,3.33,2.84,22.03,6.09,"green growth",NA,"Roussanne"
NA,28,7,"R3","28.7.R3",4.18,3.97,6.13,4.55,5.38,5.59,8.56,15.87,"",NA,"Refosco"
NA,13,3,"R1","13.3.R1",3.28,2.7,4.22,4.25,3.61,5.85,11.4,14.8,"",NA,"Pinot gris"
NA,44,1,"R3","44.1.R3",4.37,3.13,3.45,4.02,6.26,6.36,13.45,14.93,"",NA,"Ruby Seedless"
NA,12,5,"R2","12.5.R2",1.79,1.61,3.92,2.12,1.14,4.06,9.2,0.96,"",NA,"Chardonnay"
NA,19,9,"R1","19.9.R1",3.45,3.44,5.29,4.64,5.84,4.8,7.66,12.29,"",NA,"Syrah"
NA,14,1,"R3","14.1.R3",2.35,2.26,3.38,3.89,1.79,8.09,12.45,6.38,"",NA,"Cabernet Sauvignon"
NA,16,1,"R3","16.1.R3",2.44,1.73,4.01,4.75,4.57,5.34,17.4,12.39,"",NA,"Sauvignon blanc"
NA,17,2,"R2","17.2.R2",3.6,3.23,3.68,3.39,6.3,7.69,11.28,22.65,"",NA,"Ugni blanc/Trebbiano"
NA,29,3,"R7","29.3.R7",3.31,2.97,3.15,4,4.73,7.11,7.89,10.21,"",NA,"Schiopettino"
NA,13,5,"R4","13.5.R4",4.09,3.24,NA,NA,4.67,NA,NA,7.58," only 1 spur",NA,"Pinot  Meunier"
NA,14,3,"R1","14.3.R1",3.63,5.54,3.47,3.52,4.99,6.35,11.31,9.33,"",NA,"Carmenere"
NA,24,9,"R2","24.9.R2",4.32,2.08,4.62,2.92,7.28,9.88,9.48,6.64,"",NA,"Dolcetto"
NA,12,10,"R1","12.10.R1",2.85,2.37,4.16,4.14,4.35,4.45,6.98,7.63,"",NA,"Melon"
NA,18,5,"R4","18.5.R4",4.67,2.79,NA,NA,6.19,NA,NA,6.69,"only 1 spur",NA,"Durif1"
NA,18,7,"R5","18.7.R5",4.43,3.99,NA,NA,5.93,NA,NA,6.68,"only 1 spur",NA,"Marsanne"
NA,18,5,"R8","18.5.R8",4.06,3.32,NA,NA,5.93,NA,NA,10.57,"only 1 spur",NA,"Durif1"
NA,14,3,"R2","14.3.R2",3.7,4.43,NA,NA,6.23,NA,NA,31.25,"only 1 spur",NA,"Carmenere"
NA,32,5,"R3","32.5.R3",2.57,3.02,3.51,2.49,5.04,6.71,6.82,8.79,"",NA,"Rkatsiteli"
NA,12,3,"R1","12.3.R1",4,5.42,3.43,3.1,6.81,5.33,14.28,9.07,"",NA,"Auxerrois"
NA,12,1,"R3","12.1.R3",3.48,3.79,3.26,4.32,4.13,5.51,8.12,6.24,"",NA,"Aligote"
NA,25,9,"R2","25.9.R2",2.79,3.3,3.29,2.33,4.25,6.09,10.45,5.26,"",NA,"Nebbiolo"
NA,18,3,"R4","18.3.R4",4.57,5.66,NA,NA,5.52,NA,NA,13.8,"only 1 spur",NA,"Counoise"
NA,29,7,"R3","29.7.R3",6.68,2.78,3.38,4.13,5.49,6.1,8.53,10.5,"",NA,"Tocai Friulano"
NA,13,5,"R6","13.5.R6",4.41,5.05,2.53,4.1,5.05,5.44,6.96,13.56,"",NA,"Pinot  Meunier"
NA,12,5,"R3","12.5.R3",2.93,3.59,NA,NA,5.2,NA,NA,7.4,"only 1 spur",NA,"Chardonnay"
NA,22,9,"R2","22.9.R2",3.75,4.07,4.03,2.44,5.72,6.02,4.93,10.66,"",NA,"Durif2"
NA,17,2,"R5","17.2.R5",3.99,4.55,NA,NA,6.57,NA,NA,13.76,"only 1 spur",NA,"Ugni blanc/Trebbiano"
NA,20,5,"R5","20.5.R5",2.76,1.56,NA,NA,3.38,NA,NA,6.27,"green growth, only 1 spur",NA,"Gewurtztraminer"
NA,26,6,"R2","26.6.R2",3.6,2.95,4.77,5.13,5.6,4.72,10.79,7.13,"",NA,"Sangiovese"
NA,14,3,"R4","14.3.R4",3.24,4.34,NA,NA,5.28,NA,NA,19.36,"only 1 spur",NA,"Carmenere"
NA,21,7,"R7","21.7.R7",4.75,3.41,NA,NA,5.23,NA,NA,11.13,"only 1 spur",NA,"Chasselas doree"
NA,20,5,"R3","20.5.R3",3.38,2.67,3.58,3.37,4.24,4.25,12.78,8.31,"",NA,"Gewurtztraminer"
NA,22,7,"R4","22.7.R4",2.15,3.01,NA,NA,5.02,NA,NA,7.06,"only 1 spur",NA,"Furmint"
NA,38,7,"R3","38.7.R3",2.95,3,4.31,3.78,6.17,4.98,17.15,17.12,"",NA,"Verdelho"
NA,19,9,"R2","19.9.R2",2.82,5.18,3.52,2.1,7.41,3.41,34.16,17.87,"green growth",NA,"Syrah"
NA,17,3,"R3","17.3.R3",2.04,1.9,3.96,3.76,1.93,6.05,5.4,11.91,"",NA,"Alicante Bouchet"
NA,22,1,"R2","22.1.R2",4.32,2.33,NA,NA,5.9,NA,NA,20.05,"only 1 spur",NA,"Rotgipfler"
NA,16,1,"R5","16.1.R5",3.87,4.84,NA,NA,6.61,NA,NA,18.98,"green growth, only 1 spur",NA,"Sauvignon blanc"
NA,44,1,"R5","44.1.R5",3.73,3.56,3.75,2.94,6.93,7.38,1.63,5.47,"",NA,"Ruby Seedless"
NA,32,5,"R5","32.5.R5",3.13,3.29,NA,NA,6.66,NA,NA,12.18,"only 1 spur",NA,"Rkatsiteli"
NA,35,3,"R5","35.3.R5",2.67,NA,NA,NA,2.43,NA,NA,NA,"green growth, only 1 spur with only 1 bud",NA,"Tempranillo"
NA,34,7,"R2","34.7.R2",5.26,5.27,NA,NA,8.49,NA,NA,12.08,"only 1 spur",NA,"Palomino"
NA,40,9,"R1","40.9.R1",3.11,4.2,1.77,3.44,6.31,6.18,10.84,10.01,"",NA,"Ruby Cabernet"
NA,42,7,"R1","42.7.R1",1.56,2.52,2.37,1.5,4,5.84,4.26,2.7,"",NA,"Early Muscat"
NA,25,9,"R3","25.9.R3",3.31,2.73,2.75,4.26,5.4,4.3,10.37,7.48,"",NA,"Nebbiolo"
NA,17,2,"R4","17.2.R4",2.27,4.14,NA,NA,6.79,NA,NA,4.64,"only 1 spur",NA,"Ugni blanc/Trebbiano"
NA,21,9,"R3","21.9.R3",5.24,3.61,3.7,2.35,5.48,4.05,8.65,9.48,"",NA,"Gruner Veltiner"
NA,12,7,"R2","12.7.R2",2.76,2.57,2.3,3.83,2.85,4.74,6.48,11.01,"",NA,"Gamay Noir"
NA,44,1,"R1","44.1.R1",5.14,2.74,NA,NA,9.23,NA,NA,15.77,"green growth, only 1 spur",NA,"Ruby Seedless"
NA,20,5,"R7","20.5.R7",3.02,3.06,1.41,1.66,4.46,4.46,11.94,4.56,"",NA,"Gewurtztraminer"
NA,14,1,"R6","14.1.R6",2.78,3.76,4.56,4.76,5.06,5.23,9.51,15,"",NA,"Cabernet Sauvignon"
NA,39,3,"R2","39.3.R2",3.41,3.21,3.59,4.16,6.48,6.97,12.68,12.8,"",NA,"Calzin"
NA,22,9,"R3","22.9.R3",3.06,2.23,3.91,4.96,6.87,6.62,6.84,6.96,"",NA,"Durif2"
NA,24,9,"R4","24.9.R4",5.11,3.01,4.88,3.51,4.56,6.18,0.8,12.27,"",NA,"Dolcetto"
NA,NA,NA,"","UNLABELED 1",3.52,4.39,NA,NA,5.8,NA,NA,6.69,"only 1 spur",NA,NA
NA,27,1,"R3","27.1.R3",2.67,2.71,4.2,4.55,3.6,6.93,11.25,25.23,"",NA,"Coda di Volpe"
NA,18,3,"R1","18.3.R1",4.74,5.26,NA,NA,8.08,NA,NA,12.37,"only 1 spur",NA,"Counoise"
NA,14,1,"R10","14.1.R10",1.76,1.7,5.04,3.72,1.92,6.37,8.77,6.18,"",NA,"Cabernet Sauvignon"
NA,39,7,"R4","39.7.R4",2.72,1.54,4.02,2.5,2.22,5.91,7.33,4.07,"",NA,"Carnelian"
NA,42,7,"R6","42.7.R6",1.9,2.54,NA,NA,3.09,NA,NA,3.06,"green growth, only 1 spur",NA,"Early Muscat"
NA,17,3,"R4","17.3.R4",4.4,3.99,NA,NA,7.78,NA,NA,5.23,"only 1 spur",NA,"Alicante Bouchet"
NA,22,1,"R7","22.1.R7",2.22,3.83,NA,NA,6.54,NA,NA,11.45,"only 1 spur",NA,"Rotgipfler"
NA,14,1,"R1","14.1.R1",1.38,2.48,3.43,3.57,4.27,5.97,6.55,8.71,"",NA,"Cabernet Sauvignon"
NA,18,5,"R2","18.5.R2",4.37,2.23,NA,NA,4.56,NA,NA,14.4,"only 1 spur",NA,"Durif1"
NA,24,1,"R9","24.1.R9",3.93,3.51,2.88,3.07,5.93,3.85,10.33,12.08,"",NA,"Barbera"
NA,12,1,"R1","12.1.R1",3,3.34,3.04,2.68,5.96,4.04,9.83,15.98,"",NA,"Aligote"
NA,42,7,"R4","42.7.R4",2.92,3.19,NA,NA,5.13,NA,NA,13.03,"only 1 spur",NA,"Early Muscat"
NA,24,1,"R8","24.1.R8",2.8,3.36,5.81,5.04,4.94,5.39,9.82,3.18,"",NA,"Barbera"
NA,26,6,"R1","26.6.R1",3.24,2.57,NA,NA,4.43,NA,NA,9.26,"",NA,"Sangiovese"
NA,13,3,"R3","13.3.R3",2.61,3.12,3.67,4.54,2.49,5.58,10.16,9.87,"",NA,"Pinot gris"
NA,13,9,"R2","13.9.R2",3.14,4.98,NA,NA,6.08,NA,NA,7.26,"only 1 spur",NA,"Cabernet franc"
NA,15,3,"R2","15.3.R2",4.23,5.26,NA,NA,6.52,NA,NA,11.26,"only 1 spur",NA,"Merlot"
NA,20,5,"R2","20.5.R2",2.32,2.74,4.01,2.63,4.26,5.66,6.3,6.07,"",NA,"Gewurtztraminer"
NA,40,9,"R3","40.9.R3",3.4,2.27,NA,NA,7.15,NA,NA,16.26,"only 1 spur",NA,"Ruby Cabernet"
NA,38,7,"R6","38.7.R6",4.02,3.41,NA,NA,5.29,NA,NA,18.88,"only 1 spur",NA,"Verdelho"
NA,20,2,"R6","20.2.R6",1.82,NA,4.7,3.97,4.04,6.28,13.83,NA,"first spur only had 1 bud",NA,"Valdepenas"
NA,34,5,"R1","34.5.R1",4.25,4.55,3.63,4.01,5.88,5.12,6.63,14.32,"",NA,"Morrastel"
NA,29,3,"R8","29.3.R8",3.28,3.95,NA,NA,6.07,NA,NA,7.97,"only 1 spur",NA,"Schiopettino"
NA,26,6,"R6","26.6.R6",3.66,3.48,3.83,5.07,4.73,5.58,6.75,10.41,"",NA,"Sangiovese"
NA,16,1,"R6","16.1.R6",4.37,4.81,4.55,4.47,3.93,7.53,4.76,21.19,"",NA,"Sauvignon blanc"
NA,32,7,"R4","32.7.R4",3.65,3.56,5.11,5.06,6.63,6.21,14.54,6.39,"",NA,"Pinotage"
NA,18,3,"R6","18.3.R6",4.74,3.51,4.3,4.21,4.57,7.04,14.61,7.45,"",NA,"Counoise"
NA,29,3,"R1","29.3.R1",2.79,3.45,4.31,3.99,4.73,7.57,6.46,5.53,"",NA,"Schiopettino"
NA,12,7,"R1","12.7.R1",3.35,2.88,4.76,4.56,5.41,4.55,6.54,15.21,"",NA,"Gamay Noir"
NA,19,9,"R5","19.9.R5",5.09,2.67,NA,NA,4.95,NA,NA,14.18,"only 1 spur",NA,"Syrah"
NA,40,9,"R7","40.9.R7",4.51,4.76,3.14,2.97,5.07,4.63,10.73,8.94,"white fuzzy mold on one spur?",NA,"Ruby Cabernet"
NA,18,7,"R2","18.7.R2",3.83,5.58,NA,NA,6.54,NA,NA,29.66,"only 1 spur",NA,"Marsanne"
NA,17,3,"R1","17.3.R1",4.64,4.24,NA,NA,5.91,NA,NA,7.35,"only 1 spur",NA,"Alicante Bouchet"
NA,34,1,"R3","34.1.R3",4.8,4.29,NA,NA,6.37,NA,NA,11.48,"only 1 spur",NA,"Macabeo"
NA,32,3,"R2","32.3.R2",5.15,2.69,2.65,4.44,6.57,3.89,31,7.86,"green growth",NA,"Zinfandel/Primitivo"
NA,22,7,"R8","22.7.R8",3.69,2.87,4.17,4.2,5.09,6.44,6.68,6.76,"",NA,"Furmint"
NA,17,3,"R6","17.3.R6",1.73,2.04,4.33,4.16,1.75,5.87,5.65,4.98,"",NA,"Alicante Bouchet"
NA,14,1,"R7","14.1.R7",7.03,3.47,4.53,3.39,4.95,6.4,3.62,10.51,"",NA,"Cabernet Sauvignon"
NA,35,3,"R6","35.3.R6",4.39,4.22,NA,NA,7.29,NA,NA,9.83,"only 1 spur",NA,"Tempranillo"
NA,20,4,"R6","20.4.R6",3.59,4.43,3.42,3.53,4.41,6.32,15.66,27.14,"",NA,"Viognier"
NA,42,7,"R2","42.7.R2",3.39,3.25,2.87,4.42,5.71,6.8,13.98,10.01,"",NA,"Early Muscat"
NA,16,1,"R7","16.1.R7",2.44,3.53,5.4,4.53,6.46,6.12,8.7,15.16,"",NA,"Sauvignon blanc"
NA,17,3,"R2","17.3.R2",5.49,2.86,4.15,4.58,5.37,8.01,5.54,13.45,"",NA,"Alicante Bouchet"
NA,21,9,"R4","21.9.R4",4.33,3.44,NA,NA,4.38,NA,NA,8.52,"only 1 spur",NA,"Gruner Veltiner"
NA,28,7,"R5","28.7.R5",3.2,3.97,3.38,3.11,6.48,5.02,8.31,10.44,"",NA,"Refosco"
NA,14,1,"R5","14.1.R5",4.41,5.33,3.92,3.46,6.75,4.76,10.47,6.06,"",NA,"Cabernet Sauvignon"
NA,27,1,"R1","27.1.R1",3.78,3.25,4.15,4.3,5.25,4.86,24.51,12.5,"",NA,"Coda di Volpe"
NA,20,4,"R4","20.4.R4",2.41,2.11,2.48,2.69,3.6,4.5,53.21,34.97,"",NA,"Viognier"
NA,19,9,"R9","19.9.R9",3.04,2.63,4.12,3.26,5.53,5.52,5.59,20.61,"",NA,"Syrah"
NA,18,1,"R7","18.1.R7",3.84,4.99,NA,NA,6.46,NA,NA,14.63,"only 1 spur",NA,"Cinsault"
NA,44,1,"R6","44.1.R6",4.77,5.66,NA,NA,6.71,NA,NA,15.21,"green growth, only 1 spur",NA,"Ruby Seedless"
NA,18,7,"R1","18.7.R1",2.25,3.05,3.6,4.08,4.89,5.63,8.45,10.46,"",NA,"Marsanne"
NA,39,7,"R8","39.7.R8",2.54,4.84,NA,NA,7.32,NA,NA,18.38,"only 1 spur",NA,"Carnelian"
NA,43,3,"R3","43.3.R3",4.9,3.17,5.29,6.25,6.32,6.63,18.17,15.14,"green growth",NA,"July Muscat"
NA,19,7,"R2","19.7.R2",3.9,3.33,NA,NA,4.58,NA,NA,19.5,"only 1 spur",NA,"Roussanne"
NA,34,7,"R1","34.7.R1",2.52,2.63,NA,NA,5.66,NA,NA,33.07,"green growth, only 1 spur",NA,"Palomino"
NA,18,5,"R1","18.5.R1",4,4.54,5.86,3.6,5.93,7.14,9.34,7.51,"",NA,"Durif1"
NA,12,7,"R6","12.7.R6",5.28,4.84,4.82,3.83,4.93,5.63,3.27,8.02,"",NA,"Gamay Noir"
NA,13,3,"R6","13.3.R6",2.55,1.23,3.78,3.54,15.58,5.96,6.66,2.52,"",NA,"Pinot gris"
NA,13,9,"R3","13.9.R3",2.58,4.08,NA,NA,5.44,NA,NA,10.64,"only 1 spur",NA,"Cabernet franc"
NA,25,9,"R1","25.9.R1",4.26,3.62,3.6,3.19,5.5,4.78,21.02,21.49,"",NA,"Nebbiolo"
NA,28,7,"R1","28.7.R1",2.86,2.8,3.21,3.97,4.08,5.81,9.82,20.29,"",NA,"Refosco"
NA,12,3,"R5","12.3.R5",4.46,3.92,2.97,3.85,4.94,4.62,30.3,13.67,"",NA,"Auxerrois"
NA,21,9,"R2","21.9.R2",4.76,3.44,4.18,3.37,4.42,5.78,23.6,25.08,"",NA,"Gruner Veltiner"
NA,18,7,"R8","18.7.R8",1.85,1.31,2.91,2.98,1.31,4.72,7.08,4.28,"",NA,"Marsanne"
NA,20,2,"R2","20.2.R2",3.43,3.13,1.79,1.76,6.8,4.98,22.26,20.18,"green growth",NA,"Valdepenas"
NA,22,9,"R4","22.9.R4",3.83,4.54,5.19,3.97,6.59,5.68,12.51,10.4,"",NA,"Durif2"
NA,43,3,"R1","43.3.R1",3.72,4.89,NA,NA,6.34,NA,NA,5.89,"only 1 spur",NA,"July Muscat"
NA,29,7,"R4","29.7.R4",3.58,4.46,3.24,3.23,6.95,4.14,23.81,10.89,"",NA,"Tocai Friulano"
NA,12,5,"R6","12.5.R6",2.11,1.95,NA,NA,5.46,NA,NA,9.04,"only 1 spur",NA,"Chardonnay"
NA,13,3,"R7","13.3.R7",2.08,2.42,4.36,4.08,1.79,5.88,7.99,9.42,"",NA,"Pinot gris"
NA,13,5,"R5","13.5.R5",5.74,5.62,NA,NA,5.18,NA,NA,5.6,"only 1 spur",NA,"Pinot  Meunier"
NA,27,1,"R5","27.1.R5",4.11,3.01,NA,NA,7.38,NA,NA,15.27,"only 1 spur",NA,"Coda di Volpe"
NA,18,7,"R3","18.7.R3",3.98,5.42,4.2,3.74,4.6,5.64,34.8,9.71,"",NA,"Marsanne"
NA,22,7,"R2","22.7.R2",4.01,2.98,3.12,3.31,6.67,4.21,19.64,2.37,"",NA,"Furmint"
NA,21,9,"R7","21.9.R7",3.65,3.52,NA,NA,4.29,NA,NA,7.96,"only 1 spur",NA,"Gruner Veltiner"
NA,15,3,"R4","15.3.R4",2.54,1.94,4.54,3.95,1.69,5.38,24.94,6.32,"",NA,"Merlot"
NA,32,7,"R1","32.7.R1",5.82,4.45,NA,NA,5.52,NA,NA,16.01,"only 1 spur",NA,"Pinotage"
NA,32,5,"R1","32.5.R1",3.15,3.47,3.12,3.86,5.24,5.92,11.2,11.89,"",NA,"Rkatsiteli"
NA,17,3,"R8","17.3.R8",2.65,3.51,NA,NA,6.34,NA,NA,8.05,"only 1 spur",NA,"Alicante Bouchet"
NA,23,7,"R8","23.7.R8",5.02,4.74,NA,NA,6.94,NA,NA,8.94,"only 1 spur",NA,"Szagos feher"
NA,32,3,"R4","32.3.R4",5.33,4.06,NA,NA,8.25,NA,NA,14.14,"only 1 spur",NA,"Zinfandel/Primitivo"
NA,18,7,"R7","18.7.R7",4.94,3.34,4.46,4.8,6.11,5.06,11.13,10.23,"",NA,"Marsanne"
NA,13,5,"R1","13.5.R1",5.93,5.14,3.76,3.1,3.86,5.84,5.24,11.54,"",NA,"Pinot  Meunier"
NA,26,6,"R3","26.6.R3",4.12,3.54,3.75,4.23,6.55,4.81,5.45,7.47,"",NA,"Sangiovese"
NA,20,2,"R1","20.2.R1",4.42,3.73,3.01,4.5,4.94,6.73,12.73,28.6,"green growth",NA,"Valdepenas"
NA,23,7,"R5","23.7.R5",4.77,NA,3.9,4.41,4.14,5.04,6.23,NA,"first spur only has 1 bud",NA,"Szagos feher"
NA,20,4,"R5","20.4.R5",3.2,4.31,2.53,2.44,5.26,3.68,10.81,11.78,"",NA,"Viognier"
NA,43,3,"R5","43.3.R5",3.08,3.44,NA,NA,6.32,NA,NA,6.14,"green growth",NA,"July Muscat"
NA,12,3,"R4","12.3.R4",3.24,NA,2.8,3.42,4.32,4.23,16.08,NA,"first spur only has 1 bud",NA,"Auxerrois"
NA,39,3,"R3","39.3.R3",4.81,3.51,NA,NA,5.72,NA,NA,10.36,"only 1 spur",NA,"Calzin"
NA,23,7,"R1","23.7.R1",3.28,2.73,NA,NA,7.16,NA,NA,6.71,"only 1 spur",NA,"Szagos feher"
NA,NA,NA,"","UNLABELED 3",3.33,4.18,4.82,3.65,4.9,6.59,7.87,10.26,"",NA,NA
NA,27,1,"R2","27.1.R2",4.95,3.51,NA,NA,7.7,NA,NA,18.71,"only 1 spur",NA,"Coda di Volpe"
NA,19,9,"R3","19.9.R3",2.44,3.08,4.53,2.93,5.76,6.17,6.18,6.66,"",NA,"Syrah"
NA,18,3,"R7","18.3.R7",4.59,3.56,NA,NA,7.37,NA,NA,16.91,"only 1 spur",NA,"Counoise"
NA,NA,NA,"","UNLABELED 2",4.23,4.63,3.03,3.21,6.31,5.99,3.77,6.96,"",NA,NA
NA,21,9,"R5","21.9.R5",3.77,3.31,4.55,5.19,5.25,6.01,15.78,10.53,"",NA,"Gruner Veltiner"
NA,34,1,"R5","34.1.R5",3.5,2.6,3.5,3.14,4.58,5.52,7.45,11.04,"",NA,"Macabeo"
NA,42,7,"R3","42.7.R3",3.47,4.04,NA,NA,6.69,NA,NA,8.19,"green growth",NA,"Early Muscat"
NA,39,7,"R7","39.7.R7",3.5,2.46,NA,NA,5.89,NA,NA,4.06,"only 1 spur",NA,"Carnelian"
NA,34,5,"R4","34.5.R4",3.85,2.12,3.66,3.2,5.74,6.04,14.45,4.13,"",NA,"Morrastel"
NA,35,3,"R4","35.3.R4",2.85,2.4,4.68,NA,5.32,7.15,NA,5.96,"second spur only has 1 bud",NA,"Tempranillo"
NA,18,7,"R6","18.7.R6",3.9,2.98,3.09,2.54,5.87,6.67,6.19,4.88,"",NA,"Marsanne"
NA,18,3,"R5","18.3.R5",4.71,5.03,NA,NA,6.27,NA,NA,10.49,"only 1 spur",NA,"Counoise"
NA,12,3,"R2","12.3.R2",3.53,4.42,4.12,NA,5.32,7.33,NA,15.22,"second spur only has 1 bud",NA,"Auxerrois"
NA,13,9,"R6","13.9.R6",5.04,2.81,5.63,NA,5.91,5.9,NA,12.9,"second spur only has 1 bud",NA,"Cabernet franc"
NA,14,3,"R7","14.3.R7",4.29,NA,3.45,4.14,6,6.81,6.73,NA,"first spur only has 1 bud",NA,"Carmenere"
NA,32,7,"R3","32.7.R3",4.86,2.5,3.41,5.19,6.8,4.78,13.08,11,"",NA,"Pinotage"
NA,19,7,"R5","19.7.R5",2.27,4.22,NA,NA,6.31,NA,NA,7.07,"only 1 spur",NA,"Roussanne"
NA,18,1,"R8","18.1.R8",2.4,4.51,NA,NA,6.63,NA,NA,10.08,"only 1 spur",NA,"Cinsault"
NA,34,5,"R6","34.5.R6",3.95,2.15,3.12,2.31,5.8,4.95,5.28,6.35,"",NA,"Morrastel"
NA,13,9,"R7","13.9.R7",4.2,4.33,3.11,3.85,5.53,4.87,6.79,11.16,"",NA,"Cabernet franc"
NA,20,5,"R9","20.5.R9",2.92,2.31,3.71,3.46,4.34,4.37,34.96,6.83,"",NA,"Gewurtztraminer"
NA,26,6,"R7","26.6.R7",3.81,2.64,NA,NA,3.81,NA,NA,15.66,"only 1 spur",NA,"Sangiovese"
NA,24,1,"R5","24.1.R5",3.83,3.53,NA,NA,7.23,NA,NA,14.53,"only 1 spur",NA,"Barbera"
NA,29,7,"R6","29.7.R6",5.17,3.77,4.96,4.12,5.65,6.16,29.05,22.77,"",NA,"Tocai Friulano"
NA,12,1,"R4","12.1.R4",4.43,4.33,3.38,NA,4.67,4.97,NA,6.07,"second spur only has 1 bud",NA,"Aligote"
NA,22,7,"R6","22.7.R6",4.35,2.26,NA,NA,7.34,NA,NA,7.32,"only 1 spur",NA,"Furmint"
NA,14,3,"R6","14.3.R6",2.75,4.56,NA,NA,7,NA,NA,10.55,"only 1 spur",NA,"Carmenere"
NA,25,9,"R5","25.9.R5",3.37,4.56,4.3,5.67,5.21,5.47,3.57,7.22,"",NA,"Nebbiolo"
NA,13,9,"R4","13.9.R4",3.95,2.58,3.48,5.38,2.27,5.55,3.74,10.51,"",NA,"Cabernet franc"
NA,12,5,"R1","12.5.R1",NA,NA,NA,NA,NA,NA,NA,NA,"all green growth with a few leaves",NA,"Chardonnay"
NA,13,3,"R4","13.3.R4",4.35,3.56,2.77,3.94,6.03,3.48,4.54,7.13,"",NA,"Pinot gris"
NA,13,3,"R2","13.3.R2",3.04,NA,2.88,NA,4.33,3.49,NA,NA,"each spur only has 1 bud",NA,"Pinot gris"
NA,24,9,"R7","24.9.R7",2.45,4.24,NA,NA,7.31,NA,NA,9.09,"only 1 spur",NA,"Dolcetto"
NA,14,1,"R8","14.1.R8",5.92,4,NA,NA,6.04,NA,NA,15.2,"only 1 spur",NA,"Cabernet Sauvignon"
NA,42,7,"R5","42.7.R5",4.24,4.09,NA,NA,4.83,NA,NA,8.06,"only 1 spur",NA,"Early Muscat"
NA,20,5,"R6","20.5.R6",1.53,0.96,3,4.48,1.87,2.11,2.09,17.8,"green growth",NA,"Gewurtztraminer"
NA,12,10,"R4","12.10.R4",3.75,2.78,3.31,2.89,4.58,3.85,7.1,11.11,"",NA,"Melon"
NA,19,9,"R7","19.9.R7",2.54,3.99,3.4,3.88,6.51,5.28,7.55,30.58,"",NA,"Syrah"
NA,22,7,"R1","22.7.R1",3.84,5.19,NA,NA,5.89,NA,NA,1.97,"only 1 spur",NA,"Furmint"
NA,24,9,"R3","24.9.R3",3.59,4.94,NA,NA,5.84,NA,NA,5.81,"only 1 spur",NA,"Dolcetto"
NA,19,7,"R6","19.7.R6",3.45,3.61,NA,NA,5.6,NA,NA,18.62,"green growth",NA,"Roussanne"
NA,21,7,"R6","21.7.R6",3.79,4.37,NA,NA,6.5,NA,NA,8.05,"",NA,"Chasselas doree"
NA,40,9,"R4","40.9.R4",6.06,2.12,NA,NA,5.92,NA,NA,8.33,"only 1 spur",NA,"Ruby Cabernet"
NA,38,7,"R4","38.7.R4",3.2,4.47,5.3,4.47,4.95,6.79,12.46,24.74,"",NA,"Verdelho"
NA,39,3,"R5","39.3.R5",4.82,3.78,NA,NA,8.35,NA,NA,21.79,"only 1 spur",NA,"Calzin"
NA,20,5,"R8","20.5.R8",1.86,1.88,3.94,3.28,1.07,4.63,8.3,4.25,"",NA,"Gewurtztraminer"
NA,32,7,"R5","32.7.R5",3.26,4.7,2.52,1.55,5.83,6.93,9.38,6.85,"",NA,"Pinotage"
NA,20,4,"R1","20.4.R1",4.29,3.11,NA,NA,7.02,NA,NA,9.86,"only 1 spur",NA,"Viognier"
NA,15,3,"R6","15.3.R6",4.71,3.51,5,4.29,6.44,5.17,4.77,20.24,"",NA,"Merlot"
NA,13,3,"R9","13.3.R9",3.74,4.38,NA,NA,5,NA,NA,8.4,"only 1 spur",NA,"Pinot gris"
NA,18,3,"R2","18.3.R2",2.9,3.14,NA,NA,8.66,NA,NA,8.01,"only 1 spur",NA,"Counoise"
NA,38,7,"R5","38.7.R5",2.62,3.47,NA,NA,5.73,NA,NA,43.29,"only 1 spur",NA,"Verdelho"
NA,29,7,"R2","29.7.R2",3.91,4.06,4.05,4.98,5.17,5.59,12.98,11.53,"",NA,"Tocai Friulano"
NA,15,3,"R5","15.3.R5",3.71,3.82,NA,NA,5.76,NA,NA,12.6,"only 1 spur",NA,"Merlot"
NA,28,7,"R6","28.7.R6",4.47,3.28,4.33,4.86,4.81,5.65,8.03,15.69,"",NA,"Refosco"
NA,22,9,"R8","22.9.R8",4.04,4.81,5.09,3.51,6.39,7.78,7.65,8.11,"",NA,"Durif2"
NA,26,6,"R5","26.6.R5",4.5,2.93,3.61,2.97,5.21,4.93,7.04,11.4,"",NA,"Sangiovese"
NA,32,7,"R2","32.7.R2",4.92,3.6,4.83,5.15,5.34,7.02,12.29,8.49,"",NA,"Pinotage"
NA,34,7,"R6","34.7.R6",4,5.48,NA,NA,7.61,NA,NA,16.86,"green growth, only 1 spur",NA,"Palomino"
NA,39,3,"R1","39.3.R1",4.97,6.44,NA,NA,7.43,NA,NA,12.43,"only 1 spur",NA,"Calzin"
NA,35,3,"R2","35.3.R2",2.75,2.87,3.27,2.58,5.74,4.92,5.25,9.4,"",NA,"Tempranillo"
NA,24,1,"R6","24.1.R6",5.33,4.48,3.74,4.81,6.46,7.18,11.56,7.9,"",NA,"Barbera"
NA,14,3,"R8","14.3.R8",3.25,2.63,3.52,3.36,5.34,6.65,6.79,15.48,"",NA,"Carmenere"
NA,29,3,"R2","29.3.R2",4.66,3.21,3.97,4.44,5.6,5.45,7.77,13.62,"",NA,"Schiopettino"
NA,40,9,"R5","40.9.R5",4.49,4.42,NA,NA,8.47,NA,NA,20.6,"only 1 spur",NA,"Ruby Cabernet"
NA,12,5,"R4","12.5.R4",2.93,2.75,4,3.6,4.59,6.8,15.61,5.36,"",NA,"Chardonnay"
NA,28,7,"R2","28.7.R2",2.44,2.58,NA,NA,4.92,NA,NA,6.47,"only 1 spur",NA,"Refosco"
NA,35,3,"R3","35.3.R3",4.17,3.9,3.49,3.92,5.27,5.09,21.01,6.76,"",NA,"Tempranillo"
NA,43,3,"R4","43.3.R4",4.43,3.43,4.28,4.47,5.21,6.27,8.86,19.85,"",NA,"July Muscat"
NA,19,7,"R1","19.7.R1",3.46,3.5,4.06,3.56,5.27,6.2,14.2,9.61,"",NA,"Roussanne"
NA,16,1,"R1","16.1.R1",3.45,3.89,2.56,3.05,5.28,5.28,10.72,28.97,"",NA,"Sauvignon blanc"
NA,19,7,"R3","19.7.R3",3.17,4.01,3.46,3.73,7.12,5.96,15.15,9.27,"",NA,"Roussanne"
NA,39,7,"R3","39.7.R3",3.88,4.63,NA,NA,8.34,NA,NA,8.78,"only 1 spur",NA,"Carnelian"
NA,13,9,"R5","13.9.R5",2.41,2.08,2.94,2.95,3.08,4.04,21.28,5.03,"",NA,"Cabernet franc"
NA,40,9,"R8","40.9.R8",4.66,4.33,NA,NA,7.44,NA,NA,18.08,"only 1 spur",NA,"Ruby Cabernet"
NA,16,1,"R2","16.1.R2",2.48,4.15,NA,NA,6.57,NA,NA,7.13,"only 1 spur",NA,"Sauvignon blanc"
NA,18,5,"R7","18.5.R7",3.87,2.27,3.61,4.87,7.54,6.56,5.95,2.8,"",NA,"Durif1"
NA,20,4,"R8","20.4.R8",3.15,2.87,2.63,3.34,6.27,8.07,9.57,11.37,"",NA,"Viognier"
NA,39,3,"R4","39.3.R4",4.25,3.65,4.83,3.55,7.47,5.42,4.05,14.74,"",NA,"Calzin"
NA,44,1,"R2","44.1.R2",4,3.8,4.12,3.64,7.78,6.62,22.93,3.46,"",NA,"Ruby Seedless"
NA,12,10,"R5","12.10.R5",3.77,2.6,3.36,4.07,4.54,6.07,9.59,7.52,"",NA,"Melon"
NA,18,3,"R9","18.3.R9",5.55,2.73,NA,NA,9.63,NA,NA,9.18,"only 1 spur",NA,"Counoise"
NA,35,3,"R1","35.3.R1",3,3.99,3.67,4.21,5.65,6.78,11.23,14.54,"",NA,"Tempranillo"
NA,20,5,"R1","20.5.R1",4.36,2.6,NA,NA,4.74,NA,NA,3.54,"only 1 spur",NA,"Gewurtztraminer"
NA,22,1,"R3","22.1.R3",1.73,2.48,NA,NA,5.38,NA,NA,1.82,"only 1 spur",NA,"Rotgipfler"
NA,12,1,"R2","12.1.R2",3.91,4.05,3.76,4.34,4.51,5.21,9.35,5.1,"",NA,"Aligote"
NA,21,7,"R1","21.7.R1",3.21,3.83,3.58,2.34,4.96,7.33,5.42,10.29,"",NA,"Chasselas doree"
NA,17,2,"R3","17.2.R3",3.39,3.68,4.14,4.66,7.13,6.54,4.9,4.96,"",NA,"Ugni blanc/Trebbiano"
NA,25,9,"R6","25.9.R6",3.76,3.19,3.83,2.74,5.04,6.96,8.07,3.88,"",NA,"Nebbiolo"
NA,23,7,"R3","23.7.R3",3.33,2.74,5.64,5,7.11,6.57,4.35,6.07,"",NA,"Szagos feher"
NA,34,5,"R5","34.5.R5",4.9,5.3,NA,NA,7.66,NA,NA,14.2,"only 1 spur",NA,"Morrastel"
NA,32,3,"R1","32.3.R1",4.65,4.6,4.07,4.21,5.87,6.14,15.62,13.3,"",NA,"Zinfandel/Primitivo"
NA,23,7,"R7","23.7.R7",2.18,2.86,2.97,4.59,6.84,5.2,5.32,9.99,"",NA,"Szagos feher"
NA,17,2,"R1","17.2.R1",3.6,3.61,4.14,5.7,5.41,7.38,11.4,9.89,"",NA,"Ugni blanc/Trebbiano"
NA,22,9,"R1","22.9.R1",4.6,5.19,NA,NA,7.72,NA,NA,16.95,"only 1 spur",NA,"Durif2"
NA,14,3,"R3","14.3.R3",2.01,3.06,5.38,4.63,5.4,6.24,10.28,7.46,"",NA,"Carmenere"
NA,29,3,"R6","29.3.R6",4.53,5.15,NA,NA,7.71,NA,NA,8.48,"only 1 spur",NA,"Schiopettino"
NA,14,1,"R2","14.1.R2",4.23,6.23,NA,NA,6.38,NA,NA,17.87,"only 1 spur",NA,"Cabernet Sauvignon"
NA,26,6,"R4","26.6.R4",3.09,3.83,3.24,3.12,3.99,5.73,10.19,5.81,"green growth",NA,"Sangiovese"
NA,32,5,"R2","32.5.R2",4.53,4.53,NA,NA,7.72,NA,NA,10.12,"only 1 spur",NA,"Rkatsiteli"
NA,22,7,"R7","22.7.R7",4.13,4.41,NA,NA,6.54,NA,NA,14.08,"only 1 spur",NA,"Furmint"
NA,13,3,"R8","13.3.R8",2.6,4.48,3.2,3.08,5.03,3.11,11.12,11.11,"",NA,"Pinot gris"
NA,13,9,"R1","13.9.R1",3.87,4.01,2.69,3.85,6.32,3.39,4.68,5.84,"",NA,"Cabernet franc"
NA,18,3,"R3","18.3.R3",4.03,3.58,3.96,3.99,6.47,7.81,7.05,8.32,"",NA,"Counoise"
NA,12,10,"R3","12.10.R3",2.86,3.68,2.65,3.86,4.29,5.23,4.84,12.15,"",NA,"Melon"
NA,20,5,"R4","20.5.R4",2.59,3.05,NA,NA,4.91,NA,NA,8.76,"only 1 spur",NA,"Gewurtztraminer"
NA,NA,NA,"","UNLABELED 4",3.77,5.04,3.37,3.7,5.42,5.44,10.07,13.78,"",NA,NA
NA,34,1,"R1","34.1.R1",3.76,3.06,4.03,3.5,4.71,5.38,5.73,9.94,"",NA,"Macabeo"
NA,12,5,"R7","12.5.R7",2.51,3.52,NA,NA,5.6,NA,NA,9.51,"only 1 spur",NA,"Chardonnay"
NA,38,7,"R1","38.7.R1",2.55,3.5,3.37,2.48,5.96,6.02,12.16,9.85,"",NA,"Verdelho"
NA,23,3,"R5","32.3.R5",3.62,3.95,NA,NA,4.99,NA,NA,9.59,"only 1 spur",NA,NA
NA,34,7,"R3","34.7.R3",4.33,3.65,2.12,2.55,7.81,2.33,6.49,14.97,"green growth",NA,"Palomino"
NA,23,7,"R2","23.7.R2",1.95,2.36,NA,NA,5.11,NA,NA,7.47,"only 1 spur",NA,"Szagos feher"
NA,43,3,"R2","43.3.R2",1.88,2.76,5.82,6.67,2.18,7.11,17.11,9.24,"green growth",NA,"July Muscat"
NA,NA,NA,"","",NA,NA,NA,NA,NA,NA,NA,NA,"",NA,NA
NA,NA,NA,"","",NA,NA,NA,NA,NA,NA,NA,NA,"",NA,NA
NA,NA,NA,"","",NA,NA,NA,NA,NA,NA,NA,NA,"",NA,NA
NA,NA,NA,"","",NA,NA,NA,NA,NA,NA,NA,NA,"",NA,NA
NA,NA,NA,"","",NA,NA,NA,NA,NA,NA,NA,NA,"",NA,NA
NA,NA,NA,"","",NA,NA,NA,NA,NA,NA,NA,NA,"",NA,NA
NA,NA,NA,"","",NA,NA,NA,NA,NA,NA,NA,NA,"",NA,NA
NA,NA,NA,"","",NA,NA,NA,NA,NA,NA,NA,NA,"",NA,NA
NA,NA,NA,"","",NA,NA,NA,NA,NA,NA,NA,NA,"",NA,NA
NA,NA,NA,"","",NA,NA,NA,NA,NA,NA,NA,NA,"",NA,NA
NA,NA,NA,"","",NA,NA,NA,NA,NA,NA,NA,NA,"",NA,NA
NA,NA,NA,"","",NA,NA,NA,NA,NA,NA,NA,NA,"",NA,NA
NA,NA,NA,"","",NA,NA,NA,NA,NA,NA,NA,NA,"",NA,NA
NA,NA,NA,"","",NA,NA,NA,NA,NA,NA,NA,NA,"",NA,NA
NA,NA,NA,"","",NA,NA,NA,NA,NA,NA,NA,NA,"",NA,NA
NA,NA,NA,"","",NA,NA,NA,NA,NA,NA,NA,NA,"",NA,NA
NA,NA,NA,"","",NA,NA,NA,NA,NA,NA,NA,NA,"",NA,NA
NA,NA,NA,"","",NA,NA,NA,NA,NA,NA,NA,NA,"",NA,NA
NA,NA,NA,"","",NA,NA,NA,NA,NA,NA,NA,NA,"",NA,NA
NA,NA,NA,"","",NA,NA,NA,NA,NA,NA,NA,NA,"",NA,NA
NA,NA,NA,"","",NA,NA,NA,NA,NA,NA,NA,NA,"",NA,NA
NA,NA,NA,"","",NA,NA,NA,NA,NA,NA,NA,NA,"",NA,NA
NA,NA,NA,"","",NA,NA,NA,NA,NA,NA,NA,NA,"",NA,NA
NA,NA,NA,"","",NA,NA,NA,NA,NA,NA,NA,NA,"",NA,NA
NA,NA,NA,"","",NA,NA,NA,NA,NA,NA,NA,NA,"",NA,NA
NA,NA,NA,"","",NA,NA,NA,NA,NA,NA,NA,NA,"",NA,NA
NA,NA,NA,"","",NA,NA,NA,NA,NA,NA,NA,NA,"",NA,NA
NA,NA,NA,"","",NA,NA,NA,NA,NA,NA,NA,NA,"",NA,NA
NA,NA,NA,"","",NA,NA,NA,NA,NA,NA,NA,NA,"",NA,NA
NA,NA,NA,"","",NA,NA,NA,NA,NA,NA,NA,NA,"",NA,NA
NA,NA,NA,"","",NA,NA,NA,NA,NA,NA,NA,NA,"",NA,NA
NA,NA,NA,"","",NA,NA,NA,NA,NA,NA,NA,NA,"",NA,NA
NA,NA,NA,"","",NA,NA,NA,NA,NA,NA,NA,NA,"",NA,NA
NA,NA,NA,"","",NA,NA,NA,NA,NA,NA,NA,NA,"",NA,NA
NA,NA,NA,"","",NA,NA,NA,NA,NA,NA,NA,NA,"",NA,NA
NA,NA,NA,"","",NA,NA,NA,NA,NA,NA,NA,NA,"",NA,NA
NA,NA,NA,"","",NA,NA,NA,NA,NA,NA,NA,NA,"",NA,NA
NA,NA,NA,"","",NA,NA,NA,NA,NA,NA,NA,NA,"",NA,NA
NA,NA,NA,"","",NA,NA,NA,NA,NA,NA,NA,NA,"",NA,NA
NA,NA,NA,"","",NA,NA,NA,NA,NA,NA,NA,NA,"",NA,NA
NA,NA,NA,"","",NA,NA,NA,NA,NA,NA,NA,NA,"",NA,NA
NA,NA,NA,"","",NA,NA,NA,NA,NA,NA,NA,NA,"",NA,NA
NA,NA,NA,"","",NA,NA,NA,NA,NA,NA,NA,NA,"",NA,NA
NA,NA,NA,"","",NA,NA,NA,NA,NA,NA,NA,NA,"",NA,NA
NA,NA,NA,"","",NA,NA,NA,NA,NA,NA,NA,NA,"",NA,NA
NA,NA,NA,"","",NA,NA,NA,NA,NA,NA,NA,NA,"",NA,NA
NA,NA,NA,"","",NA,NA,NA,NA,NA,NA,NA,NA,"",NA,NA
NA,NA,NA,"","",NA,NA,NA,NA,NA,NA,NA,NA,"",NA,NA
NA,NA,NA,"","",NA,NA,NA,NA,NA,NA,NA,NA,"",NA,NA
NA,NA,NA,"","",NA,NA,NA,NA,NA,NA,NA,NA,"",NA,NA
NA,NA,NA,"","",NA,NA,NA,NA,NA,NA,NA,NA,"",NA,NA
NA,NA,NA,"","",NA,NA,NA,NA,NA,NA,NA,NA,"",NA,NA
NA,NA,NA,"","",NA,NA,NA,NA,NA,NA,NA,NA,"",NA,NA
NA,NA,NA,"","",NA,NA,NA,NA,NA,NA,NA,NA,"",NA,NA
NA,NA,NA,"","",NA,NA,NA,NA,NA,NA,NA,NA,"",NA,NA
NA,NA,NA,"","",NA,NA,NA,NA,NA,NA,NA,NA,"",NA,NA
NA,NA,NA,"","",NA,NA,NA,NA,NA,NA,NA,NA,"",NA,NA
NA,NA,NA,"","",NA,NA,NA,NA,NA,NA,NA,NA,"",NA,NA
NA,NA,NA,"","",NA,NA,NA,NA,NA,NA,NA,NA,"",NA,NA
NA,NA,NA,"","",NA,NA,NA,NA,NA,NA,NA,NA,"",NA,NA
NA,NA,NA,"","",NA,NA,NA,NA,NA,NA,NA,NA,"",NA,NA
NA,NA,NA,"","",NA,NA,NA,NA,NA,NA,NA,NA,"",NA,NA
NA,NA,NA,"","",NA,NA,NA,NA,NA,NA,NA,NA,"",NA,NA
NA,NA,NA,"","",NA,NA,NA,NA,NA,NA,NA,NA,"",NA,NA
NA,NA,NA,"","",NA,NA,NA,NA,NA,NA,NA,NA,"",NA,NA
NA,NA,NA,"","",NA,NA,NA,NA,NA,NA,NA,NA,"",NA,NA
NA,NA,NA,"","",NA,NA,NA,NA,NA,NA,NA,NA,"",NA,NA
NA,NA,NA,"","",NA,NA,NA,NA,NA,NA,NA,NA,"",NA,NA
NA,NA,NA,"","",NA,NA,NA,NA,NA,NA,NA,NA,"",NA,NA
NA,NA,NA,"","",NA,NA,NA,NA,NA,NA,NA,NA,"",NA,NA
NA,NA,NA,"","",NA,NA,NA,NA,NA,NA,NA,NA,"",NA,NA
NA,NA,NA,"","",NA,NA,NA,NA,NA,NA,NA,NA,"",NA,NA
NA,NA,NA,"","",NA,NA,NA,NA,NA,NA,NA,NA,"",NA,NA
NA,NA,NA,"","",NA,NA,NA,NA,NA,NA,NA,NA,"",NA,NA
NA,NA,NA,"","",NA,NA,NA,NA,NA,NA,NA,NA,"",NA,NA
NA,NA,NA,"","",NA,NA,NA,NA,NA,NA,NA,NA,"",NA,NA
NA,NA,NA,"","",NA,NA,NA,NA,NA,NA,NA,NA,"",NA,NA
NA,NA,NA,"","",NA,NA,NA,NA,NA,NA,NA,NA,"",NA,NA
NA,NA,NA,"","",NA,NA,NA,NA,NA,NA,NA,NA,"",NA,NA
NA,NA,NA,"","",NA,NA,NA,NA,NA,NA,NA,NA,"",NA,NA
NA,NA,NA,"","",NA,NA,NA,NA,NA,NA,NA,NA,"",NA,NA
NA,NA,NA,"","",NA,NA,NA,NA,NA,NA,NA,NA,"",NA,NA
NA,NA,NA,"","",NA,NA,NA,NA,NA,NA,NA,NA,"",NA,NA
NA,NA,NA,"","",NA,NA,NA,NA,NA,NA,NA,NA,"",NA,NA
NA,NA,NA,"","",NA,NA,NA,NA,NA,NA,NA,NA,"",NA,NA
NA,NA,NA,"","",NA,NA,NA,NA,NA,NA,NA,NA,"",NA,NA
NA,NA,NA,"","",NA,NA,NA,NA,NA,NA,NA,NA,"",NA,NA
NA,NA,NA,"","",NA,NA,NA,NA,NA,NA,NA,NA,"",NA,NA
NA,NA,NA,"","",NA,NA,NA,NA,NA,NA,NA,NA,"",NA,NA
NA,NA,NA,"","",NA,NA,NA,NA,NA,NA,NA,NA,"",NA,NA
NA,NA,NA,"","",NA,NA,NA,NA,NA,NA,NA,NA,"",NA,NA
NA,NA,NA,"","",NA,NA,NA,NA,NA,NA,NA,NA,"",NA,NA
NA,NA,NA,"","",NA,NA,NA,NA,NA,NA,NA,NA,"",NA,NA
NA,NA,NA,"","",NA,NA,NA,NA,NA,NA,NA,NA,"",NA,NA
NA,NA,NA,"","",NA,NA,NA,NA,NA,NA,NA,NA,"",NA,NA
NA,NA,NA,"","",NA,NA,NA,NA,NA,NA,NA,NA,"",NA,NA
NA,NA,NA,"","",NA,NA,NA,NA,NA,NA,NA,NA,"",NA,NA
NA,NA,NA,"","",NA,NA,NA,NA,NA,NA,NA,NA,"",NA,NA
NA,NA,NA,"","",NA,NA,NA,NA,NA,NA,NA,NA,"",NA,NA
NA,NA,NA,"","",NA,NA,NA,NA,NA,NA,NA,NA,"",NA,NA
NA,NA,NA,"","",NA,NA,NA,NA,NA,NA,NA,NA,"",NA,NA
NA,NA,NA,"","",NA,NA,NA,NA,NA,NA,NA,NA,"",NA,NA
NA,NA,NA,"","",NA,NA,NA,NA,NA,NA,NA,NA,"",NA,NA
NA,NA,NA,"","",NA,NA,NA,NA,NA,NA,NA,NA,"",NA,NA
NA,NA,NA,"","",NA,NA,NA,NA,NA,NA,NA,NA,"",NA,NA
NA,NA,NA,"","",NA,NA,NA,NA,NA,NA,NA,NA,"",NA,NA
NA,NA,NA,"","",NA,NA,NA,NA,NA,NA,NA,NA,"",NA,NA
NA,NA,NA,"","",NA,NA,NA,NA,NA,NA,NA,NA,"",NA,NA
NA,NA,NA,"","",NA,NA,NA,NA,NA,NA,NA,NA,"",NA,NA
NA,NA,NA,"","",NA,NA,NA,NA,NA,NA,NA,NA,"",NA,NA
NA,NA,NA,"","",NA,NA,NA,NA,NA,NA,NA,NA,"",NA,NA
NA,NA,NA,"","",NA,NA,NA,NA,NA,NA,NA,NA,"",NA,NA
NA,NA,NA,"","",NA,NA,NA,NA,NA,NA,NA,NA,"",NA,NA
NA,NA,NA,"","",NA,NA,NA,NA,NA,NA,NA,NA,"",NA,NA
NA,NA,NA,"","",NA,NA,NA,NA,NA,NA,NA,NA,"",NA,NA
NA,NA,NA,"","",NA,NA,NA,NA,NA,NA,NA,NA,"",NA,NA
NA,NA,NA,"","",NA,NA,NA,NA,NA,NA,NA,NA,"",NA,NA
NA,NA,NA,"","",NA,NA,NA,NA,NA,NA,NA,NA,"",NA,NA
NA,NA,NA,"","",NA,NA,NA,NA,NA,NA,NA,NA,"",NA,NA
NA,NA,NA,"","",NA,NA,NA,NA,NA,NA,NA,NA,"",NA,NA
NA,NA,NA,"","",NA,NA,NA,NA,NA,NA,NA,NA,"",NA,NA
NA,NA,NA,"","",NA,NA,NA,NA,NA,NA,NA,NA,"",NA,NA
NA,NA,NA,"","",NA,NA,NA,NA,NA,NA,NA,NA,"",NA,NA
NA,NA,NA,"","",NA,NA,NA,NA,NA,NA,NA,NA,"",NA,NA
NA,NA,NA,"","",NA,NA,NA,NA,NA,NA,NA,NA,"",NA,NA
NA,NA,NA,"","",NA,NA,NA,NA,NA,NA,NA,NA,"",NA,NA
NA,NA,NA,"","",NA,NA,NA,NA,NA,NA,NA,NA,"",NA,NA
NA,NA,NA,"","",NA,NA,NA,NA,NA,NA,NA,NA,"",NA,NA
NA,NA,NA,"","",NA,NA,NA,NA,NA,NA,NA,NA,"",NA,NA
NA,NA,NA,"","",NA,NA,NA,NA,NA,NA,NA,NA,"",NA,NA
NA,NA,NA,"","",NA,NA,NA,NA,NA,NA,NA,NA,"",NA,NA
NA,NA,NA,"","",NA,NA,NA,NA,NA,NA,NA,NA,"",NA,NA
NA,NA,NA,"","",NA,NA,NA,NA,NA,NA,NA,NA,"",NA,NA
NA,NA,NA,"","",NA,NA,NA,NA,NA,NA,NA,NA,"",NA,NA
NA,NA,NA,"","",NA,NA,NA,NA,NA,NA,NA,NA,"",NA,NA
NA,NA,NA,"","",NA,NA,NA,NA,NA,NA,NA,NA,"",NA,NA
NA,NA,NA,"","",NA,NA,NA,NA,NA,NA,NA,NA,"",NA,NA
NA,NA,NA,"","",NA,NA,NA,NA,NA,NA,NA,NA,"",NA,NA
NA,NA,NA,"","",NA,NA,NA,NA,NA,NA,NA,NA,"",NA,NA
NA,NA,NA,"","",NA,NA,NA,NA,NA,NA,NA,NA,"",NA,NA
NA,NA,NA,"","",NA,NA,NA,NA,NA,NA,NA,NA,"",NA,NA
NA,NA,NA,"","",NA,NA,NA,NA,NA,NA,NA,NA,"",NA,NA
NA,NA,NA,"","",NA,NA,NA,NA,NA,NA,NA,NA,"",NA,NA
NA,NA,NA,"","",NA,NA,NA,NA,NA,NA,NA,NA,"",NA,NA
NA,NA,NA,"","",NA,NA,NA,NA,NA,NA,NA,NA,"",NA,NA
NA,NA,NA,"","",NA,NA,NA,NA,NA,NA,NA,NA,"",NA,NA
NA,NA,NA,"","",NA,NA,NA,NA,NA,NA,NA,NA,"",NA,NA
NA,NA,NA,"","",NA,NA,NA,NA,NA,NA,NA,NA,"",NA,NA
NA,NA,NA,"","",NA,NA,NA,NA,NA,NA,NA,NA,"",NA,NA
NA,NA,NA,"","",NA,NA,NA,NA,NA,NA,NA,NA,"",NA,NA
NA,NA,NA,"","",NA,NA,NA,NA,NA,NA,NA,NA,"",NA,NA
NA,NA,NA,"","",NA,NA,NA,NA,NA,NA,NA,NA,"",NA,NA
NA,NA,NA,"","",NA,NA,NA,NA,NA,NA,NA,NA,"",NA,NA
NA,NA,NA,"","",NA,NA,NA,NA,NA,NA,NA,NA,"",NA,NA
NA,NA,NA,"","",NA,NA,NA,NA,NA,NA,NA,NA,"",NA,NA
NA,NA,NA,"","",NA,NA,NA,NA,NA,NA,NA,NA,"",NA,NA
NA,NA,NA,"","",NA,NA,NA,NA,NA,NA,NA,NA,"",NA,NA
NA,NA,NA,"","",NA,NA,NA,NA,NA,NA,NA,NA,"",NA,NA
NA,NA,NA,"","",NA,NA,NA,NA,NA,NA,NA,NA,"",NA,NA
NA,NA,NA,"","",NA,NA,NA,NA,NA,NA,NA,NA,"",NA,NA
NA,NA,NA,"","",NA,NA,NA,NA,NA,NA,NA,NA,"",NA,NA
NA,NA,NA,"","",NA,NA,NA,NA,NA,NA,NA,NA,"",NA,NA
NA,NA,NA,"","",NA,NA,NA,NA,NA,NA,NA,NA,"",NA,NA
NA,NA,NA,"","",NA,NA,NA,NA,NA,NA,NA,NA,"",NA,NA
NA,NA,NA,"","",NA,NA,NA,NA,NA,NA,NA,NA,"",NA,NA
NA,NA,NA,"","",NA,NA,NA,NA,NA,NA,NA,NA,"",NA,NA
NA,NA,NA,"","",NA,NA,NA,NA,NA,NA,NA,NA,"",NA,NA
NA,NA,NA,"","",NA,NA,NA,NA,NA,NA,NA,NA,"",NA,NA
NA,NA,NA,"","",NA,NA,NA,NA,NA,NA,NA,NA,"",NA,NA
NA,NA,NA,"","",NA,NA,NA,NA,NA,NA,NA,NA,"",NA,NA
NA,NA,NA,"","",NA,NA,NA,NA,NA,NA,NA,NA,"",NA,NA
NA,NA,NA,"","",NA,NA,NA,NA,NA,NA,NA,NA,"",NA,NA
NA,NA,NA,"","",NA,NA,NA,NA,NA,NA,NA,NA,"",NA,NA
NA,NA,NA,"","",NA,NA,NA,NA,NA,NA,NA,NA,"",NA,NA
NA,NA,NA,"","",NA,NA,NA,NA,NA,NA,NA,NA,"",NA,NA
NA,NA,NA,"","",NA,NA,NA,NA,NA,NA,NA,NA,"",NA,NA
NA,NA,NA,"","",NA,NA,NA,NA,NA,NA,NA,NA,"",NA,NA
NA,NA,NA,"","",NA,NA,NA,NA,NA,NA,NA,NA,"",NA,NA
NA,NA,NA,"","",NA,NA,NA,NA,NA,NA,NA,NA,"",NA,NA
NA,NA,NA,"","",NA,NA,NA,NA,NA,NA,NA,NA,"",NA,NA
NA,NA,NA,"","",NA,NA,NA,NA,NA,NA,NA,NA,"",NA,NA
NA,NA,NA,"","",NA,NA,NA,NA,NA,NA,NA,NA,"",NA,NA
NA,NA,NA,"","",NA,NA,NA,NA,NA,NA,NA,NA,"",NA,NA
NA,NA,NA,"","",NA,NA,NA,NA,NA,NA,NA,NA,"",NA,NA
NA,NA,NA,"","",NA,NA,NA,NA,NA,NA,NA,NA,"",NA,NA
NA,NA,NA,"","",NA,NA,NA,NA,NA,NA,NA,NA,"",NA,NA
NA,NA,NA,"","",NA,NA,NA,NA,NA,NA,NA,NA,"",NA,NA
NA,NA,NA,"","",NA,NA,NA,NA,NA,NA,NA,NA,"",NA,NA
NA,NA,NA,"","",NA,NA,NA,NA,NA,NA,NA,NA,"",NA,NA
NA,NA,NA,"","",NA,NA,NA,NA,NA,NA,NA,NA,"",NA,NA
NA,NA,NA,"","",NA,NA,NA,NA,NA,NA,NA,NA,"",NA,NA
NA,NA,NA,"","",NA,NA,NA,NA,NA,NA,NA,NA,"",NA,NA
NA,NA,NA,"","",NA,NA,NA,NA,NA,NA,NA,NA,"",NA,NA
NA,NA,NA,"","",NA,NA,NA,NA,NA,NA,NA,NA,"",NA,NA
NA,NA,NA,"","",NA,NA,NA,NA,NA,NA,NA,NA,"",NA,NA
NA,NA,NA,"","",NA,NA,NA,NA,NA,NA,NA,NA,"",NA,NA
NA,NA,NA,"","",NA,NA,NA,NA,NA,NA,NA,NA,"",NA,NA
NA,NA,NA,"","",NA,NA,NA,NA,NA,NA,NA,NA,"",NA,NA
NA,NA,NA,"","",NA,NA,NA,NA,NA,NA,NA,NA,"",NA,NA
NA,NA,NA,"","",NA,NA,NA,NA,NA,NA,NA,NA,"",NA,NA
NA,NA,NA,"","",NA,NA,NA,NA,NA,NA,NA,NA,"",NA,NA
NA,NA,NA,"","",NA,NA,NA,NA,NA,NA,NA,NA,"",NA,NA
NA,NA,NA,"","",NA,NA,NA,NA,NA,NA,NA,NA,"",NA,NA
NA,NA,NA,"","",NA,NA,NA,NA,NA,NA,NA,NA,"",NA,NA
NA,NA,NA,"","",NA,NA,NA,NA,NA,NA,NA,NA,"",NA,NA
NA,NA,NA,"","",NA,NA,NA,NA,NA,NA,NA,NA,"",NA,NA
NA,NA,NA,"","",NA,NA,NA,NA,NA,NA,NA,NA,"",NA,NA
NA,NA,NA,"","",NA,NA,NA,NA,NA,NA,NA,NA,"",NA,NA
NA,NA,NA,"","",NA,NA,NA,NA,NA,NA,NA,NA,"",NA,NA
NA,NA,NA,"","",NA,NA,NA,NA,NA,NA,NA,NA,"",NA,NA
NA,NA,NA,"","",NA,NA,NA,NA,NA,NA,NA,NA,"",NA,NA
NA,NA,NA,"","",NA,NA,NA,NA,NA,NA,NA,NA,"",NA,NA
NA,NA,NA,"","",NA,NA,NA,NA,NA,NA,NA,NA,"",NA,NA
NA,NA,NA,"","",NA,NA,NA,NA,NA,NA,NA,NA,"",NA,NA
NA,NA,NA,"","",NA,NA,NA,NA,NA,NA,NA,NA,"",NA,NA
NA,NA,NA,"","",NA,NA,NA,NA,NA,NA,NA,NA,"",NA,NA
NA,NA,NA,"","",NA,NA,NA,NA,NA,NA,NA,NA,"",NA,NA
NA,NA,NA,"","",NA,NA,NA,NA,NA,NA,NA,NA,"",NA,NA
NA,NA,NA,"","",NA,NA,NA,NA,NA,NA,NA,NA,"",NA,NA
NA,NA,NA,"","",NA,NA,NA,NA,NA,NA,NA,NA,"",NA,NA
NA,NA,NA,"","",NA,NA,NA,NA,NA,NA,NA,NA,"",NA,NA
NA,NA,NA,"","",NA,NA,NA,NA,NA,NA,NA,NA,"",NA,NA
NA,NA,NA,"","",NA,NA,NA,NA,NA,NA,NA,NA,"",NA,NA
NA,NA,NA,"","",NA,NA,NA,NA,NA,NA,NA,NA,"",NA,NA
NA,NA,NA,"","",NA,NA,NA,NA,NA,NA,NA,NA,"",NA,NA
NA,NA,NA,"","",NA,NA,NA,NA,NA,NA,NA,NA,"",NA,NA
NA,NA,NA,"","",NA,NA,NA,NA,NA,NA,NA,NA,"",NA,NA
NA,NA,NA,"","",NA,NA,NA,NA,NA,NA,NA,NA,"",NA,NA
NA,NA,NA,"","",NA,NA,NA,NA,NA,NA,NA,NA,"",NA,NA
NA,NA,NA,"","",NA,NA,NA,NA,NA,NA,NA,NA,"",NA,NA
NA,NA,NA,"","",NA,NA,NA,NA,NA,NA,NA,NA,"",NA,NA
NA,NA,NA,"","",NA,NA,NA,NA,NA,NA,NA,NA,"",NA,NA
NA,NA,NA,"","",NA,NA,NA,NA,NA,NA,NA,NA,"",NA,NA
NA,NA,NA,"","",NA,NA,NA,NA,NA,NA,NA,NA,"",NA,NA
NA,NA,NA,"","",NA,NA,NA,NA,NA,NA,NA,NA,"",NA,NA
NA,NA,NA,"","",NA,NA,NA,NA,NA,NA,NA,NA,"",NA,NA
NA,NA,NA,"","",NA,NA,NA,NA,NA,NA,NA,NA,"",NA,NA
NA,NA,NA,"","",NA,NA,NA,NA,NA,NA,NA,NA,"",NA,NA
NA,NA,NA,"","",NA,NA,NA,NA,NA,NA,NA,NA,"",NA,NA
NA,NA,NA,"","",NA,NA,NA,NA,NA,NA,NA,NA,"",NA,NA
NA,NA,NA,"","",NA,NA,NA,NA,NA,NA,NA,NA,"",NA,NA
NA,NA,NA,"","",NA,NA,NA,NA,NA,NA,NA,NA,"",NA,NA
NA,NA,NA,"","",NA,NA,NA,NA,NA,NA,NA,NA,"",NA,NA
NA,NA,NA,"","",NA,NA,NA,NA,NA,NA,NA,NA,"",NA,NA
NA,NA,NA,"","",NA,NA,NA,NA,NA,NA,NA,NA,"",NA,NA
NA,NA,NA,"","",NA,NA,NA,NA,NA,NA,NA,NA,"",NA,NA
NA,NA,NA,"","",NA,NA,NA,NA,NA,NA,NA,NA,"",NA,NA
NA,NA,NA,"","",NA,NA,NA,NA,NA,NA,NA,NA,"",NA,NA
NA,NA,NA,"","",NA,NA,NA,NA,NA,NA,NA,NA,"",NA,NA
NA,NA,NA,"","",NA,NA,NA,NA,NA,NA,NA,NA,"",NA,NA
NA,NA,NA,"","",NA,NA,NA,NA,NA,NA,NA,NA,"",NA,NA
NA,NA,NA,"","",NA,NA,NA,NA,NA,NA,NA,NA,"",NA,NA
NA,NA,NA,"","",NA,NA,NA,NA,NA,NA,NA,NA,"",NA,NA
NA,NA,NA,"","",NA,NA,NA,NA,NA,NA,NA,NA,"",NA,NA
NA,NA,NA,"","",NA,NA,NA,NA,NA,NA,NA,NA,"",NA,NA
NA,NA,NA,"","",NA,NA,NA,NA,NA,NA,NA,NA,"",NA,NA
NA,NA,NA,"","",NA,NA,NA,NA,NA,NA,NA,NA,"",NA,NA
NA,NA,NA,"","",NA,NA,NA,NA,NA,NA,NA,NA,"",NA,NA
NA,NA,NA,"","",NA,NA,NA,NA,NA,NA,NA,NA,"",NA,NA
NA,NA,NA,"","",NA,NA,NA,NA,NA,NA,NA,NA,"",NA,NA
NA,NA,NA,"","",NA,NA,NA,NA,NA,NA,NA,NA,"",NA,NA
NA,NA,NA,"","",NA,NA,NA,NA,NA,NA,NA,NA,"",NA,NA
NA,NA,NA,"","",NA,NA,NA,NA,NA,NA,NA,NA,"",NA,NA
NA,NA,NA,"","",NA,NA,NA,NA,NA,NA,NA,NA,"",NA,NA
NA,NA,NA,"","",NA,NA,NA,NA,NA,NA,NA,NA,"",NA,NA
NA,NA,NA,"","",NA,NA,NA,NA,NA,NA,NA,NA,"",NA,NA
NA,NA,NA,"","",NA,NA,NA,NA,NA,NA,NA,NA,"",NA,NA
NA,NA,NA,"","",NA,NA,NA,NA,NA,NA,NA,NA,"",NA,NA
NA,NA,NA,"","",NA,NA,NA,NA,NA,NA,NA,NA,"",NA,NA
NA,NA,NA,"","",NA,NA,NA,NA,NA,NA,NA,NA,"",NA,NA
NA,NA,NA,"","",NA,NA,NA,NA,NA,NA,NA,NA,"",NA,NA
NA,NA,NA,"","",NA,NA,NA,NA,NA,NA,NA,NA,"",NA,NA
NA,NA,NA,"","",NA,NA,NA,NA,NA,NA,NA,NA,"",NA,NA
NA,NA,NA,"","",NA,NA,NA,NA,NA,NA,NA,NA,"",NA,NA
NA,NA,NA,"","",NA,NA,NA,NA,NA,NA,NA,NA,"",NA,NA
NA,NA,NA,"","",NA,NA,NA,NA,NA,NA,NA,NA,"",NA,NA
NA,NA,NA,"","",NA,NA,NA,NA,NA,NA,NA,NA,"",NA,NA
NA,NA,NA,"","",NA,NA,NA,NA,NA,NA,NA,NA,"",NA,NA
NA,NA,NA,"","",NA,NA,NA,NA,NA,NA,NA,NA,"",NA,NA
NA,NA,NA,"","",NA,NA,NA,NA,NA,NA,NA,NA,"",NA,NA
NA,NA,NA,"","",NA,NA,NA,NA,NA,NA,NA,NA,"",NA,NA
NA,NA,NA,"","",NA,NA,NA,NA,NA,NA,NA,NA,"",NA,NA
NA,NA,NA,"","",NA,NA,NA,NA,NA,NA,NA,NA,"",NA,NA
NA,NA,NA,"","",NA,NA,NA,NA,NA,NA,NA,NA,"",NA,NA
NA,NA,NA,"","",NA,NA,NA,NA,NA,NA,NA,NA,"",NA,NA
NA,NA,NA,"","",NA,NA,NA,NA,NA,NA,NA,NA,"",NA,NA
NA,NA,NA,"","",NA,NA,NA,NA,NA,NA,NA,NA,"",NA,NA
NA,NA,NA,"","",NA,NA,NA,NA,NA,NA,NA,NA,"",NA,NA
NA,NA,NA,"","",NA,NA,NA,NA,NA,NA,NA,NA,"",NA,NA
NA,NA,NA,"","",NA,NA,NA,NA,NA,NA,NA,NA,"",NA,NA
NA,NA,NA,"","",NA,NA,NA,NA,NA,NA,NA,NA,"",NA,NA
NA,NA,NA,"","",NA,NA,NA,NA,NA,NA,NA,NA,"",NA,NA
NA,NA,NA,"","",NA,NA,NA,NA,NA,NA,NA,NA,"",NA,NA
NA,NA,NA,"","",NA,NA,NA,NA,NA,NA,NA,NA,"",NA,NA
NA,NA,NA,"","",NA,NA,NA,NA,NA,NA,NA,NA,"",NA,NA
NA,NA,NA,"","",NA,NA,NA,NA,NA,NA,NA,NA,"",NA,NA
NA,NA,NA,"","",NA,NA,NA,NA,NA,NA,NA,NA,"",NA,NA
NA,NA,NA,"","",NA,NA,NA,NA,NA,NA,NA,NA,"",NA,NA
NA,NA,NA,"","",NA,NA,NA,NA,NA,NA,NA,NA,"",NA,NA
NA,NA,NA,"","",NA,NA,NA,NA,NA,NA,NA,NA,"",NA,NA
NA,NA,NA,"","",NA,NA,NA,NA,NA,NA,NA,NA,"",NA,NA
NA,NA,NA,"","",NA,NA,NA,NA,NA,NA,NA,NA,"",NA,NA
NA,NA,NA,"","",NA,NA,NA,NA,NA,NA,NA,NA,"",NA,NA
NA,NA,NA,"","",NA,NA,NA,NA,NA,NA,NA,NA,"",NA,NA
NA,NA,NA,"","",NA,NA,NA,NA,NA,NA,NA,NA,"",NA,NA
NA,NA,NA,"","",NA,NA,NA,NA,NA,NA,NA,NA,"",NA,NA
NA,NA,NA,"","",NA,NA,NA,NA,NA,NA,NA,NA,"",NA,NA
NA,NA,NA,"","",NA,NA,NA,NA,NA,NA,NA,NA,"",NA,NA
NA,NA,NA,"","",NA,NA,NA,NA,NA,NA,NA,NA,"",NA,NA
NA,NA,NA,"","",NA,NA,NA,NA,NA,NA,NA,NA,"",NA,NA
NA,NA,NA,"","",NA,NA,NA,NA,NA,NA,NA,NA,"",NA,NA
NA,NA,NA,"","",NA,NA,NA,NA,NA,NA,NA,NA,"",NA,NA
NA,NA,NA,"","",NA,NA,NA,NA,NA,NA,NA,NA,"",NA,NA
NA,NA,NA,"","",NA,NA,NA,NA,NA,NA,NA,NA,"",NA,NA
NA,NA,NA,"","",NA,NA,NA,NA,NA,NA,NA,NA,"",NA,NA
NA,NA,NA,"","",NA,NA,NA,NA,NA,NA,NA,NA,"",NA,NA
NA,NA,NA,"","",NA,NA,NA,NA,NA,NA,NA,NA,"",NA,NA
NA,NA,NA,"","",NA,NA,NA,NA,NA,NA,NA,NA,"",NA,NA
NA,NA,NA,"","",NA,NA,NA,NA,NA,NA,NA,NA,"",NA,NA
NA,NA,NA,"","",NA,NA,NA,NA,NA,NA,NA,NA,"",NA,NA
NA,NA,NA,"","",NA,NA,NA,NA,NA,NA,NA,NA,"",NA,NA
NA,NA,NA,"","",NA,NA,NA,NA,NA,NA,NA,NA,"",NA,NA
NA,NA,NA,"","",NA,NA,NA,NA,NA,NA,NA,NA,"",NA,NA
NA,NA,NA,"","",NA,NA,NA,NA,NA,NA,NA,NA,"",NA,NA
NA,NA,NA,"","",NA,NA,NA,NA,NA,NA,NA,NA,"",NA,NA
NA,NA,NA,"","",NA,NA,NA,NA,NA,NA,NA,NA,"",NA,NA
NA,NA,NA,"","",NA,NA,NA,NA,NA,NA,NA,NA,"",NA,NA
NA,NA,NA,"","",NA,NA,NA,NA,NA,NA,NA,NA,"",NA,NA
NA,NA,NA,"","",NA,NA,NA,NA,NA,NA,NA,NA,"",NA,NA
NA,NA,NA,"","",NA,NA,NA,NA,NA,NA,NA,NA,"",NA,NA
NA,NA,NA,"","",NA,NA,NA,NA,NA,NA,NA,NA,"",NA,NA
NA,NA,NA,"","",NA,NA,NA,NA,NA,NA,NA,NA,"",NA,NA
NA,NA,NA,"","",NA,NA,NA,NA,NA,NA,NA,NA,"",NA,NA
NA,NA,NA,"","",NA,NA,NA,NA,NA,NA,NA,NA,"",NA,NA
NA,NA,NA,"","",NA,NA,NA,NA,NA,NA,NA,NA,"",NA,NA
NA,NA,NA,"","",NA,NA,NA,NA,NA,NA,NA,NA,"",NA,NA
NA,NA,NA,"","",NA,NA,NA,NA,NA,NA,NA,NA,"",NA,NA
NA,NA,NA,"","",NA,NA,NA,NA,NA,NA,NA,NA,"",NA,NA
NA,NA,NA,"","",NA,NA,NA,NA,NA,NA,NA,NA,"",NA,NA
NA,NA,NA,"","",NA,NA,NA,NA,NA,NA,NA,NA,"",NA,NA
NA,NA,NA,"","",NA,NA,NA,NA,NA,NA,NA,NA,"",NA,NA
NA,NA,NA,"","",NA,NA,NA,NA,NA,NA,NA,NA,"",NA,NA
NA,NA,NA,"","",NA,NA,NA,NA,NA,NA,NA,NA,"",NA,NA
NA,NA,NA,"","",NA,NA,NA,NA,NA,NA,NA,NA,"",NA,NA
NA,NA,NA,"","",NA,NA,NA,NA,NA,NA,NA,NA,"",NA,NA
NA,NA,NA,"","",NA,NA,NA,NA,NA,NA,NA,NA,"",NA,NA
NA,NA,NA,"","",NA,NA,NA,NA,NA,NA,NA,NA,"",NA,NA
NA,NA,NA,"","",NA,NA,NA,NA,NA,NA,NA,NA,"",NA,NA
NA,NA,NA,"","",NA,NA,NA,NA,NA,NA,NA,NA,"",NA,NA
NA,NA,NA,"","",NA,NA,NA,NA,NA,NA,NA,NA,"",NA,NA
NA,NA,NA,"","",NA,NA,NA,NA,NA,NA,NA,NA,"",NA,NA
NA,NA,NA,"","",NA,NA,NA,NA,NA,NA,NA,NA,"",NA,NA
NA,NA,NA,"","",NA,NA,NA,NA,NA,NA,NA,NA,"",NA,NA
NA,NA,NA,"","",NA,NA,NA,NA,NA,NA,NA,NA,"",NA,NA
NA,NA,NA,"","",NA,NA,NA,NA,NA,NA,NA,NA,"",NA,NA
NA,NA,NA,"","",NA,NA,NA,NA,NA,NA,NA,NA,"",NA,NA
NA,NA,NA,"","",NA,NA,NA,NA,NA,NA,NA,NA,"",NA,NA
NA,NA,NA,"","",NA,NA,NA,NA,NA,NA,NA,NA,"",NA,NA
NA,NA,NA,"","",NA,NA,NA,NA,NA,NA,NA,NA,"",NA,NA
NA,NA,NA,"","",NA,NA,NA,NA,NA,NA,NA,NA,"",NA,NA
NA,NA,NA,"","",NA,NA,NA,NA,NA,NA,NA,NA,"",NA,NA
NA,NA,NA,"","",NA,NA,NA,NA,NA,NA,NA,NA,"",NA,NA
NA,NA,NA,"","",NA,NA,NA,NA,NA,NA,NA,NA,"",NA,NA
NA,NA,NA,"","",NA,NA,NA,NA,NA,NA,NA,NA,"",NA,NA
NA,NA,NA,"","",NA,NA,NA,NA,NA,NA,NA,NA,"",NA,NA
NA,NA,NA,"","",NA,NA,NA,NA,NA,NA,NA,NA,"",NA,NA
NA,NA,NA,"","",NA,NA,NA,NA,NA,NA,NA,NA,"",NA,NA
NA,NA,NA,"","",NA,NA,NA,NA,NA,NA,NA,NA,"",NA,NA
NA,NA,NA,"","",NA,NA,NA,NA,NA,NA,NA,NA,"",NA,NA
NA,NA,NA,"","",NA,NA,NA,NA,NA,NA,NA,NA,"",NA,NA
NA,NA,NA,"","",NA,NA,NA,NA,NA,NA,NA,NA,"",NA,NA
NA,NA,NA,"","",NA,NA,NA,NA,NA,NA,NA,NA,"",NA,NA
NA,NA,NA,"","",NA,NA,NA,NA,NA,NA,NA,NA,"",NA,NA
NA,NA,NA,"","",NA,NA,NA,NA,NA,NA,NA,NA,"",NA,NA
NA,NA,NA,"","",NA,NA,NA,NA,NA,NA,NA,NA,"",NA,NA
NA,NA,NA,"","",NA,NA,NA,NA,NA,NA,NA,NA,"",NA,NA
NA,NA,NA,"","",NA,NA,NA,NA,NA,NA,NA,NA,"",NA,NA
NA,NA,NA,"","",NA,NA,NA,NA,NA,NA,NA,NA,"",NA,NA
NA,NA,NA,"","",NA,NA,NA,NA,NA,NA,NA,NA,"",NA,NA
NA,NA,NA,"","",NA,NA,NA,NA,NA,NA,NA,NA,"",NA,NA
NA,NA,NA,"","",NA,NA,NA,NA,NA,NA,NA,NA,"",NA,NA
NA,NA,NA,"","",NA,NA,NA,NA,NA,NA,NA,NA,"",NA,NA
NA,NA,NA,"","",NA,NA,NA,NA,NA,NA,NA,NA,"",NA,NA
NA,NA,NA,"","",NA,NA,NA,NA,NA,NA,NA,NA,"",NA,NA
NA,NA,NA,"","",NA,NA,NA,NA,NA,NA,NA,NA,"",NA,NA
NA,NA,NA,"","",NA,NA,NA,NA,NA,NA,NA,NA,"",NA,NA
NA,NA,NA,"","",NA,NA,NA,NA,NA,NA,NA,NA,"",NA,NA
NA,NA,NA,"","",NA,NA,NA,NA,NA,NA,NA,NA,"",NA,NA
NA,NA,NA,"","",NA,NA,NA,NA,NA,NA,NA,NA,"",NA,NA
NA,NA,NA,"","",NA,NA,NA,NA,NA,NA,NA,NA,"",NA,NA
NA,NA,NA,"","",NA,NA,NA,NA,NA,NA,NA,NA,"",NA,NA
NA,NA,NA,"","",NA,NA,NA,NA,NA,NA,NA,NA,"",NA,NA
NA,NA,NA,"","",NA,NA,NA,NA,NA,NA,NA,NA,"",NA,NA
NA,NA,NA,"","",NA,NA,NA,NA,NA,NA,NA,NA,"",NA,NA
NA,NA,NA,"","",NA,NA,NA,NA,NA,NA,NA,NA,"",NA,NA
NA,NA,NA,"","",NA,NA,NA,NA,NA,NA,NA,NA,"",NA,NA
NA,NA,NA,"","",NA,NA,NA,NA,NA,NA,NA,NA,"",NA,NA
NA,NA,NA,"","",NA,NA,NA,NA,NA,NA,NA,NA,"",NA,NA
NA,NA,NA,"","",NA,NA,NA,NA,NA,NA,NA,NA,"",NA,NA
NA,NA,NA,"","",NA,NA,NA,NA,NA,NA,NA,NA,"",NA,NA
NA,NA,NA,"","",NA,NA,NA,NA,NA,NA,NA,NA,"",NA,NA
NA,NA,NA,"","",NA,NA,NA,NA,NA,NA,NA,NA,"",NA,NA
NA,NA,NA,"","",NA,NA,NA,NA,NA,NA,NA,NA,"",NA,NA
NA,NA,NA,"","",NA,NA,NA,NA,NA,NA,NA,NA,"",NA,NA
NA,NA,NA,"","",NA,NA,NA,NA,NA,NA,NA,NA,"",NA,NA
NA,NA,NA,"","",NA,NA,NA,NA,NA,NA,NA,NA,"",NA,NA
NA,NA,NA,"","",NA,NA,NA,NA,NA,NA,NA,NA,"",NA,NA
NA,NA,NA,"","",NA,NA,NA,NA,NA,NA,NA,NA,"",NA,NA
NA,NA,NA,"","",NA,NA,NA,NA,NA,NA,NA,NA,"",NA,NA
NA,NA,NA,"","",NA,NA,NA,NA,NA,NA,NA,NA,"",NA,NA
NA,NA,NA,"","",NA,NA,NA,NA,NA,NA,NA,NA,"",NA,NA
NA,NA,NA,"","",NA,NA,NA,NA,NA,NA,NA,NA,"",NA,NA
NA,NA,NA,"","",NA,NA,NA,NA,NA,NA,NA,NA,"",NA,NA
NA,NA,NA,"","",NA,NA,NA,NA,NA,NA,NA,NA,"",NA,NA
NA,NA,NA,"","",NA,NA,NA,NA,NA,NA,NA,NA,"",NA,NA
NA,NA,NA,"","",NA,NA,NA,NA,NA,NA,NA,NA,"",NA,NA
NA,NA,NA,"","",NA,NA,NA,NA,NA,NA,NA,NA,"",NA,NA
NA,NA,NA,"","",NA,NA,NA,NA,NA,NA,NA,NA,"",NA,NA
NA,NA,NA,"","",NA,NA,NA,NA,NA,NA,NA,NA,"",NA,NA
NA,NA,NA,"","",NA,NA,NA,NA,NA,NA,NA,NA,"",NA,NA
NA,NA,NA,"","",NA,NA,NA,NA,NA,NA,NA,NA,"",NA,NA
NA,NA,NA,"","",NA,NA,NA,NA,NA,NA,NA,NA,"",NA,NA
NA,NA,NA,"","",NA,NA,NA,NA,NA,NA,NA,NA,"",NA,NA
NA,NA,NA,"","",NA,NA,NA,NA,NA,NA,NA,NA,"",NA,NA
NA,NA,NA,"","",NA,NA,NA,NA,NA,NA,NA,NA,"",NA,NA
NA,NA,NA,"","",NA,NA,NA,NA,NA,NA,NA,NA,"",NA,NA
NA,NA,NA,"","",NA,NA,NA,NA,NA,NA,NA,NA,"",NA,NA
NA,NA,NA,"","",NA,NA,NA,NA,NA,NA,NA,NA,"",NA,NA
NA,NA,NA,"","",NA,NA,NA,NA,NA,NA,NA,NA,"",NA,NA
NA,NA,NA,"","",NA,NA,NA,NA,NA,NA,NA,NA,"",NA,NA
NA,NA,NA,"","",NA,NA,NA,NA,NA,NA,NA,NA,"",NA,NA
NA,NA,NA,"","",NA,NA,NA,NA,NA,NA,NA,NA,"",NA,NA
NA,NA,NA,"","",NA,NA,NA,NA,NA,NA,NA,NA,"",NA,NA
NA,NA,NA,"","",NA,NA,NA,NA,NA,NA,NA,NA,"",NA,NA
NA,NA,NA,"","",NA,NA,NA,NA,NA,NA,NA,NA,"",NA,NA
NA,NA,NA,"","",NA,NA,NA,NA,NA,NA,NA,NA,"",NA,NA
NA,NA,NA,"","",NA,NA,NA,NA,NA,NA,NA,NA,"",NA,NA
NA,NA,NA,"","",NA,NA,NA,NA,NA,NA,NA,NA,"",NA,NA
NA,NA,NA,"","",NA,NA,NA,NA,NA,NA,NA,NA,"",NA,NA
NA,NA,NA,"","",NA,NA,NA,NA,NA,NA,NA,NA,"",NA,NA
NA,NA,NA,"","",NA,NA,NA,NA,NA,NA,NA,NA,"",NA,NA
NA,NA,NA,"","",NA,NA,NA,NA,NA,NA,NA,NA,"",NA,NA
NA,NA,NA,"","",NA,NA,NA,NA,NA,NA,NA,NA,"",NA,NA
NA,NA,NA,"","",NA,NA,NA,NA,NA,NA,NA,NA,"",NA,NA
NA,NA,NA,"","",NA,NA,NA,NA,NA,NA,NA,NA,"",NA,NA
NA,NA,NA,"","",NA,NA,NA,NA,NA,NA,NA,NA,"",NA,NA
NA,NA,NA,"","",NA,NA,NA,NA,NA,NA,NA,NA,"",NA,NA
NA,NA,NA,"","",NA,NA,NA,NA,NA,NA,NA,NA,"",NA,NA
NA,NA,NA,"","",NA,NA,NA,NA,NA,NA,NA,NA,"",NA,NA
NA,NA,NA,"","",NA,NA,NA,NA,NA,NA,NA,NA,"",NA,NA
NA,NA,NA,"","",NA,NA,NA,NA,NA,NA,NA,NA,"",NA,NA
NA,NA,NA,"","",NA,NA,NA,NA,NA,NA,NA,NA,"",NA,NA
NA,NA,NA,"","",NA,NA,NA,NA,NA,NA,NA,NA,"",NA,NA
NA,NA,NA,"","",NA,NA,NA,NA,NA,NA,NA,NA,"",NA,NA
NA,NA,NA,"","",NA,NA,NA,NA,NA,NA,NA,NA,"",NA,NA
NA,NA,NA,"","",NA,NA,NA,NA,NA,NA,NA,NA,"",NA,NA
NA,NA,NA,"","",NA,NA,NA,NA,NA,NA,NA,NA,"",NA,NA
NA,NA,NA,"","",NA,NA,NA,NA,NA,NA,NA,NA,"",NA,NA
NA,NA,NA,"","",NA,NA,NA,NA,NA,NA,NA,NA,"",NA,NA
NA,NA,NA,"","",NA,NA,NA,NA,NA,NA,NA,NA,"",NA,NA
NA,NA,NA,"","",NA,NA,NA,NA,NA,NA,NA,NA,"",NA,NA
NA,NA,NA,"","",NA,NA,NA,NA,NA,NA,NA,NA,"",NA,NA
NA,NA,NA,"","",NA,NA,NA,NA,NA,NA,NA,NA,"",NA,NA
NA,NA,NA,"","",NA,NA,NA,NA,NA,NA,NA,NA,"",NA,NA
NA,NA,NA,"","",NA,NA,NA,NA,NA,NA,NA,NA,"",NA,NA
NA,NA,NA,"","",NA,NA,NA,NA,NA,NA,NA,NA,"",NA,NA
NA,NA,NA,"","",NA,NA,NA,NA,NA,NA,NA,NA,"",NA,NA
NA,NA,NA,"","",NA,NA,NA,NA,NA,NA,NA,NA,"",NA,NA
NA,NA,NA,"","",NA,NA,NA,NA,NA,NA,NA,NA,"",NA,NA
NA,NA,NA,"","",NA,NA,NA,NA,NA,NA,NA,NA,"",NA,NA
NA,NA,NA,"","",NA,NA,NA,NA,NA,NA,NA,NA,"",NA,NA
NA,NA,NA,"","",NA,NA,NA,NA,NA,NA,NA,NA,"",NA,NA
NA,NA,NA,"","",NA,NA,NA,NA,NA,NA,NA,NA,"",NA,NA
NA,NA,NA,"","",NA,NA,NA,NA,NA,NA,NA,NA,"",NA,NA
NA,NA,NA,"","",NA,NA,NA,NA,NA,NA,NA,NA,"",NA,NA
NA,NA,NA,"","",NA,NA,NA,NA,NA,NA,NA,NA,"",NA,NA
NA,NA,NA,"","",NA,NA,NA,NA,NA,NA,NA,NA,"",NA,NA
NA,NA,NA,"","",NA,NA,NA,NA,NA,NA,NA,NA,"",NA,NA
NA,NA,NA,"","",NA,NA,NA,NA,NA,NA,NA,NA,"",NA,NA
NA,NA,NA,"","",NA,NA,NA,NA,NA,NA,NA,NA,"",NA,NA
NA,NA,NA,"","",NA,NA,NA,NA,NA,NA,NA,NA,"",NA,NA
NA,NA,NA,"","",NA,NA,NA,NA,NA,NA,NA,NA,"",NA,NA
NA,NA,NA,"","",NA,NA,NA,NA,NA,NA,NA,NA,"",NA,NA
NA,NA,NA,"","",NA,NA,NA,NA,NA,NA,NA,NA,"",NA,NA
NA,NA,NA,"","",NA,NA,NA,NA,NA,NA,NA,NA,"",NA,NA
NA,NA,NA,"","",NA,NA,NA,NA,NA,NA,NA,NA,"",NA,NA
NA,NA,NA,"","",NA,NA,NA,NA,NA,NA,NA,NA,"",NA,NA
NA,NA,NA,"","",NA,NA,NA,NA,NA,NA,NA,NA,"",NA,NA
NA,NA,NA,"","",NA,NA,NA,NA,NA,NA,NA,NA,"",NA,NA
NA,NA,NA,"","",NA,NA,NA,NA,NA,NA,NA,NA,"",NA,NA
NA,NA,NA,"","",NA,NA,NA,NA,NA,NA,NA,NA,"",NA,NA
NA,NA,NA,"","",NA,NA,NA,NA,NA,NA,NA,NA,"",NA,NA
NA,NA,NA,"","",NA,NA,NA,NA,NA,NA,NA,NA,"",NA,NA
NA,NA,NA,"","",NA,NA,NA,NA,NA,NA,NA,NA,"",NA,NA
NA,NA,NA,"","",NA,NA,NA,NA,NA,NA,NA,NA,"",NA,NA
NA,NA,NA,"","",NA,NA,NA,NA,NA,NA,NA,NA,"",NA,NA
NA,NA,NA,"","",NA,NA,NA,NA,NA,NA,NA,NA,"",NA,NA
NA,NA,NA,"","",NA,NA,NA,NA,NA,NA,NA,NA,"",NA,NA
NA,NA,NA,"","",NA,NA,NA,NA,NA,NA,NA,NA,"",NA,NA
NA,NA,NA,"","",NA,NA,NA,NA,NA,NA,NA,NA,"",NA,NA
NA,NA,NA,"","",NA,NA,NA,NA,NA,NA,NA,NA,"",NA,NA
NA,NA,NA,"","",NA,NA,NA,NA,NA,NA,NA,NA,"",NA,NA
NA,NA,NA,"","",NA,NA,NA,NA,NA,NA,NA,NA,"",NA,NA
NA,NA,NA,"","",NA,NA,NA,NA,NA,NA,NA,NA,"",NA,NA
NA,NA,NA,"","",NA,NA,NA,NA,NA,NA,NA,NA,"",NA,NA
NA,NA,NA,"","",NA,NA,NA,NA,NA,NA,NA,NA,"",NA,NA
NA,NA,NA,"","",NA,NA,NA,NA,NA,NA,NA,NA,"",NA,NA
NA,NA,NA,"","",NA,NA,NA,NA,NA,NA,NA,NA,"",NA,NA
NA,NA,NA,"","",NA,NA,NA,NA,NA,NA,NA,NA,"",NA,NA
NA,NA,NA,"","",NA,NA,NA,NA,NA,NA,NA,NA,"",NA,NA
NA,NA,NA,"","",NA,NA,NA,NA,NA,NA,NA,NA,"",NA,NA
NA,NA,NA,"","",NA,NA,NA,NA,NA,NA,NA,NA,"",NA,NA
NA,NA,NA,"","",NA,NA,NA,NA,NA,NA,NA,NA,"",NA,NA
NA,NA,NA,"","",NA,NA,NA,NA,NA,NA,NA,NA,"",NA,NA
NA,NA,NA,"","",NA,NA,NA,NA,NA,NA,NA,NA,"",NA,NA
NA,NA,NA,"","",NA,NA,NA,NA,NA,NA,NA,NA,"",NA,NA
NA,NA,NA,"","",NA,NA,NA,NA,NA,NA,NA,NA,"",NA,NA
NA,NA,NA,"","",NA,NA,NA,NA,NA,NA,NA,NA,"",NA,NA
NA,NA,NA,"","",NA,NA,NA,NA,NA,NA,NA,NA,"",NA,NA
NA,NA,NA,"","",NA,NA,NA,NA,NA,NA,NA,NA,"",NA,NA
NA,NA,NA,"","",NA,NA,NA,NA,NA,NA,NA,NA,"",NA,NA
NA,NA,NA,"","",NA,NA,NA,NA,NA,NA,NA,NA,"",NA,NA
NA,NA,NA,"","",NA,NA,NA,NA,NA,NA,NA,NA,"",NA,NA
NA,NA,NA,"","",NA,NA,NA,NA,NA,NA,NA,NA,"",NA,NA
NA,NA,NA,"","",NA,NA,NA,NA,NA,NA,NA,NA,"",NA,NA
NA,NA,NA,"","",NA,NA,NA,NA,NA,NA,NA,NA,"",NA,NA
NA,NA,NA,"","",NA,NA,NA,NA,NA,NA,NA,NA,"",NA,NA
NA,NA,NA,"","",NA,NA,NA,NA,NA,NA,NA,NA,"",NA,NA
NA,NA,NA,"","",NA,NA,NA,NA,NA,NA,NA,NA,"",NA,NA
NA,NA,NA,"","",NA,NA,NA,NA,NA,NA,NA,NA,"",NA,NA
NA,NA,NA,"","",NA,NA,NA,NA,NA,NA,NA,NA,"",NA,NA
NA,NA,NA,"","",NA,NA,NA,NA,NA,NA,NA,NA,"",NA,NA
NA,NA,NA,"","",NA,NA,NA,NA,NA,NA,NA,NA,"",NA,NA
NA,NA,NA,"","",NA,NA,NA,NA,NA,NA,NA,NA,"",NA,NA
NA,NA,NA,"","",NA,NA,NA,NA,NA,NA,NA,NA,"",NA,NA
NA,NA,NA,"","",NA,NA,NA,NA,NA,NA,NA,NA,"",NA,NA
NA,NA,NA,"","",NA,NA,NA,NA,NA,NA,NA,NA,"",NA,NA
NA,NA,NA,"","",NA,NA,NA,NA,NA,NA,NA,NA,"",NA,NA
NA,NA,NA,"","",NA,NA,NA,NA,NA,NA,NA,NA,"",NA,NA
NA,NA,NA,"","",NA,NA,NA,NA,NA,NA,NA,NA,"",NA,NA
NA,NA,NA,"","",NA,NA,NA,NA,NA,NA,NA,NA,"",NA,NA
NA,NA,NA,"","",NA,NA,NA,NA,NA,NA,NA,NA,"",NA,NA
NA,NA,NA,"","",NA,NA,NA,NA,NA,NA,NA,NA,"",NA,NA
NA,NA,NA,"","",NA,NA,NA,NA,NA,NA,NA,NA,"",NA,NA
NA,NA,NA,"","",NA,NA,NA,NA,NA,NA,NA,NA,"",NA,NA
NA,NA,NA,"","",NA,NA,NA,NA,NA,NA,NA,NA,"",NA,NA
NA,NA,NA,"","",NA,NA,NA,NA,NA,NA,NA,NA,"",NA,NA
NA,NA,NA,"","",NA,NA,NA,NA,NA,NA,NA,NA,"",NA,NA
NA,NA,NA,"","",NA,NA,NA,NA,NA,NA,NA,NA,"",NA,NA
NA,NA,NA,"","",NA,NA,NA,NA,NA,NA,NA,NA,"",NA,NA
NA,NA,NA,"","",NA,NA,NA,NA,NA,NA,NA,NA,"",NA,NA
NA,NA,NA,"","",NA,NA,NA,NA,NA,NA,NA,NA,"",NA,NA
NA,NA,NA,"","",NA,NA,NA,NA,NA,NA,NA,NA,"",NA,NA
NA,NA,NA,"","",NA,NA,NA,NA,NA,NA,NA,NA,"",NA,NA
NA,NA,NA,"","",NA,NA,NA,NA,NA,NA,NA,NA,"",NA,NA
NA,NA,NA,"","",NA,NA,NA,NA,NA,NA,NA,NA,"",NA,NA
NA,NA,NA,"","",NA,NA,NA,NA,NA,NA,NA,NA,"",NA,NA
NA,NA,NA,"","",NA,NA,NA,NA,NA,NA,NA,NA,"",NA,NA
NA,NA,NA,"","",NA,NA,NA,NA,NA,NA,NA,NA,"",NA,NA
NA,NA,NA,"","",NA,NA,NA,NA,NA,NA,NA,NA,"",NA,NA
NA,NA,NA,"","",NA,NA,NA,NA,NA,NA,NA,NA,"",NA,NA
NA,NA,NA,"","",NA,NA,NA,NA,NA,NA,NA,NA,"",NA,NA
NA,NA,NA,"","",NA,NA,NA,NA,NA,NA,NA,NA,"",NA,NA
NA,NA,NA,"","",NA,NA,NA,NA,NA,NA,NA,NA,"",NA,NA
NA,NA,NA,"","",NA,NA,NA,NA,NA,NA,NA,NA,"",NA,NA
NA,NA,NA,"","",NA,NA,NA,NA,NA,NA,NA,NA,"",NA,NA
NA,NA,NA,"","",NA,NA,NA,NA,NA,NA,NA,NA,"",NA,NA
NA,NA,NA,"","",NA,NA,NA,NA,NA,NA,NA,NA,"",NA,NA
NA,NA,NA,"","",NA,NA,NA,NA,NA,NA,NA,NA,"",NA,NA
NA,NA,NA,"","",NA,NA,NA,NA,NA,NA,NA,NA,"",NA,NA
NA,NA,NA,"","",NA,NA,NA,NA,NA,NA,NA,NA,"",NA,NA
NA,NA,NA,"","",NA,NA,NA,NA,NA,NA,NA,NA,"",NA,NA
NA,NA,NA,"","",NA,NA,NA,NA,NA,NA,NA,NA,"",NA,NA
NA,NA,NA,"","",NA,NA,NA,NA,NA,NA,NA,NA,"",NA,NA
NA,NA,NA,"","",NA,NA,NA,NA,NA,NA,NA,NA,"",NA,NA
NA,NA,NA,"","",NA,NA,NA,NA,NA,NA,NA,NA,"",NA,NA
NA,NA,NA,"","",NA,NA,NA,NA,NA,NA,NA,NA,"",NA,NA
NA,NA,NA,"","",NA,NA,NA,NA,NA,NA,NA,NA,"",NA,NA
NA,NA,NA,"","",NA,NA,NA,NA,NA,NA,NA,NA,"",NA,NA
NA,NA,NA,"","",NA,NA,NA,NA,NA,NA,NA,NA,"",NA,NA
NA,NA,NA,"","",NA,NA,NA,NA,NA,NA,NA,NA,"",NA,NA
NA,NA,NA,"","",NA,NA,NA,NA,NA,NA,NA,NA,"",NA,NA
NA,NA,NA,"","",NA,NA,NA,NA,NA,NA,NA,NA,"",NA,NA
NA,NA,NA,"","",NA,NA,NA,NA,NA,NA,NA,NA,"",NA,NA
NA,NA,NA,"","",NA,NA,NA,NA,NA,NA,NA,NA,"",NA,NA
NA,NA,NA,"","",NA,NA,NA,NA,NA,NA,NA,NA,"",NA,NA
NA,NA,NA,"","",NA,NA,NA,NA,NA,NA,NA,NA,"",NA,NA
NA,NA,NA,"","",NA,NA,NA,NA,NA,NA,NA,NA,"",NA,NA
NA,NA,NA,"","",NA,NA,NA,NA,NA,NA,NA,NA,"",NA,NA
NA,NA,NA,"","",NA,NA,NA,NA,NA,NA,NA,NA,"",NA,NA
NA,NA,NA,"","",NA,NA,NA,NA,NA,NA,NA,NA,"",NA,NA
NA,NA,NA,"","",NA,NA,NA,NA,NA,NA,NA,NA,"",NA,NA
NA,NA,NA,"","",NA,NA,NA,NA,NA,NA,NA,NA,"",NA,NA
NA,NA,NA,"","",NA,NA,NA,NA,NA,NA,NA,NA,"",NA,NA
NA,NA,NA,"","",NA,NA,NA,NA,NA,NA,NA,NA,"",NA,NA
NA,NA,NA,"","",NA,NA,NA,NA,NA,NA,NA,NA,"",NA,NA
NA,NA,NA,"","",NA,NA,NA,NA,NA,NA,NA,NA,"",NA,NA
NA,NA,NA,"","",NA,NA,NA,NA,NA,NA,NA,NA,"",NA,NA
NA,NA,NA,"","",NA,NA,NA,NA,NA,NA,NA,NA,"",NA,NA
NA,NA,NA,"","",NA,NA,NA,NA,NA,NA,NA,NA,"",NA,NA
NA,NA,NA,"","",NA,NA,NA,NA,NA,NA,NA,NA,"",NA,NA
NA,NA,NA,"","",NA,NA,NA,NA,NA,NA,NA,NA,"",NA,NA
NA,NA,NA,"","",NA,NA,NA,NA,NA,NA,NA,NA,"",NA,NA
NA,NA,NA,"","",NA,NA,NA,NA,NA,NA,NA,NA,"",NA,NA
NA,NA,NA,"","",NA,NA,NA,NA,NA,NA,NA,NA,"",NA,NA
NA,NA,NA,"","",NA,NA,NA,NA,NA,NA,NA,NA,"",NA,NA
NA,NA,NA,"","",NA,NA,NA,NA,NA,NA,NA,NA,"",NA,NA
NA,NA,NA,"","",NA,NA,NA,NA,NA,NA,NA,NA,"",NA,NA
NA,NA,NA,"","",NA,NA,NA,NA,NA,NA,NA,NA,"",NA,NA
NA,NA,NA,"","",NA,NA,NA,NA,NA,NA,NA,NA,"",NA,NA
NA,NA,NA,"","",NA,NA,NA,NA,NA,NA,NA,NA,"",NA,NA
NA,NA,NA,"","",NA,NA,NA,NA,NA,NA,NA,NA,"",NA,NA
NA,NA,NA,"","",NA,NA,NA,NA,NA,NA,NA,NA,"",NA,NA
NA,NA,NA,"","",NA,NA,NA,NA,NA,NA,NA,NA,"",NA,NA
NA,NA,NA,"","",NA,NA,NA,NA,NA,NA,NA,NA,"",NA,NA
NA,NA,NA,"","",NA,NA,NA,NA,NA,NA,NA,NA,"",NA,NA
NA,NA,NA,"","",NA,NA,NA,NA,NA,NA,NA,NA,"",NA,NA
NA,NA,NA,"","",NA,NA,NA,NA,NA,NA,NA,NA,"",NA,NA
NA,NA,NA,"","",NA,NA,NA,NA,NA,NA,NA,NA,"",NA,NA
NA,NA,NA,"","",NA,NA,NA,NA,NA,NA,NA,NA,"",NA,NA
NA,NA,NA,"","",NA,NA,NA,NA,NA,NA,NA,NA,"",NA,NA
NA,NA,NA,"","",NA,NA,NA,NA,NA,NA,NA,NA,"",NA,NA
NA,NA,NA,"","",NA,NA,NA,NA,NA,NA,NA,NA,"",NA,NA
NA,NA,NA,"","",NA,NA,NA,NA,NA,NA,NA,NA,"",NA,NA
NA,NA,NA,"","",NA,NA,NA,NA,NA,NA,NA,NA,"",NA,NA
NA,NA,NA,"","",NA,NA,NA,NA,NA,NA,NA,NA,"",NA,NA
NA,NA,NA,"","",NA,NA,NA,NA,NA,NA,NA,NA,"",NA,NA
NA,NA,NA,"","",NA,NA,NA,NA,NA,NA,NA,NA,"",NA,NA
NA,NA,NA,"","",NA,NA,NA,NA,NA,NA,NA,NA,"",NA,NA
NA,NA,NA,"","",NA,NA,NA,NA,NA,NA,NA,NA,"",NA,NA
NA,NA,NA,"","",NA,NA,NA,NA,NA,NA,NA,NA,"",NA,NA
NA,NA,NA,"","",NA,NA,NA,NA,NA,NA,NA,NA,"",NA,NA
NA,NA,NA,"","",NA,NA,NA,NA,NA,NA,NA,NA,"",NA,NA
NA,NA,NA,"","",NA,NA,NA,NA,NA,NA,NA,NA,"",NA,NA
NA,NA,NA,"","",NA,NA,NA,NA,NA,NA,NA,NA,"",NA,NA
NA,NA,NA,"","",NA,NA,NA,NA,NA,NA,NA,NA,"",NA,NA
NA,NA,NA,"","",NA,NA,NA,NA,NA,NA,NA,NA,"",NA,NA
NA,NA,NA,"","",NA,NA,NA,NA,NA,NA,NA,NA,"",NA,NA
NA,NA,NA,"","",NA,NA,NA,NA,NA,NA,NA,NA,"",NA,NA
NA,NA,NA,"","",NA,NA,NA,NA,NA,NA,NA,NA,"",NA,NA
NA,NA,NA,"","",NA,NA,NA,NA,NA,NA,NA,NA,"",NA,NA
